id,title,text
0,"충북도 5843억 투입, 일자리 10만8800개 창출","충북도가 5843억원을 투입해 지역일자리 10만8000개 창출과 고용률 72% 달성을 목표로 하는 '2021년 일자리대책 연차별 세부계획'을 수립ㆍ발표했다.  이번 계획은 고용정책기본법에 근거해 지방자치단체장이 지역일자리 목표와 대책을 공표하고 지역의 책임성ㆍ자율성을 높여 양질의 일자리를 창출하기 위해 추진하는 것으로, 전국 지자체를 대상으로 계획 진행의 충실도와 효과성을 평가하는 일자리대상의 기준이 된다.  도는 올해 주요 이행과제로는 △산업기반 일자리 확대ㆍ고도화 △인적자원 유형별 맞춤형 일자리 창출 △사회 융합형 좋은 일터 만들기 △충북형 일자리 재구조화 등 4대 분야 11개 추진전략 마련했으며, 모두 5843억원을 투입한다.  주요 세부전략으로는 차세대 방사광가속기 구축, 에너지 신산업 기술개발 영역 확대, 글로벌 바이오 클러스터 조성 등 미래 첨단기술 기반 새로운 일자리를 확대하고, 충북형 뉴딜사업 관련 기업 집중 유치ㆍ맞춤형 기업지원 등 산업기반 일자리 확대ㆍ고도화로 지속가능한 양질의 일자리를 창출해 나갈 계획이다.  또한 청년ㆍ여성ㆍ중년ㆍ노인 등 인적자원 유형별 맞춤형 일자리를 제공한다. 청년층의 안정적인 일자리 창출을 위해 투자유치기업 청년일자리 지원, 바이오인재 지역안착 프로젝트, 청년 창업 아이템 경진대회, 충북 행복결혼 공제사업 등을 확대한다.  여성의 역량 개발ㆍ경력잇기 등 여성친화 일자리 조성을 위해 청년여성 일자리 종합플랫폼 '청춘잡담', 충북여성인력개발센터를 운영하고, 여성이 마음 편히 사회에 진출할 수 있도록 하는 아이돌봄 서비스를 제공한다  지속가능한 중장년 일자리 지원을 위해 정부 시범사업으로 '자치단체 협업형' 중장년일자리센터를 운영해 중장년 경력개발, 생애설계ㆍ전직 등을 지원하고, 노인들의 적극적인 사회참여 유도와 일자리 창출을 위한 시니어 주도형 노인 공공일자리 지원도 확대할 방침이다. 　  충북도는 지난해 전국 243개 지자체가 참여한 일자리 대상 평가에서 2년 연속 일자리대상(2019년 종합대상, 2020년 최우수상)을 수상한 바 있다."
1,공직유관단체장·기초의원 175명 재산 공개,"충남도 공직자윤리위원회는 도내 각 시ㆍ군의회 의원과 서산의료원장 등 도 관할 대상자 175명의 재산 변동 신고 내역을 25일자 도보를 통해 공개했다.  재산 변동 사항 신고 대상자는 공직자윤리법에 따라 매년 1월 1일부터 또는 최초 등록 의무가 발생한 날부터 같은 해 12월 31일까지의 재산 변동 사항을 이듬해 2월 말까지 신고해야 한다.  도 공직자윤리위원회 관할 대상자는 2020년 12월 31일 현재 재직 중인 공직유관단체장 5명과 시ㆍ군의원 170명으로, 공개 내역에는 공직자 본인과 배우자, 본인 직계 존ㆍ비속의 재산 변동 사항 등이 포함돼 있다.  도 공직자윤리위원회 관할 대상자의 재산가액을 보면, 30억원 이상이 7명(4.0%)으로 나타났고, 재산보다 채무가 많은 신고자는 6명(3.4%)으로 집계됐다.  또 평균 재산은 7억 5824만원이며, 1억원 이상 5억원 미만 신고자는 75명(42.9%)으로 나타났다.  재산이 증가한 신고자는 111명(63.4%)으로 집계됐고, 64명(36.6%)은 재산이 줄었다.  도 공직자윤리위원회는 이번 신고 내용에 대해 6월 말까지 심사하고 심사 결과 불성실 신고 사실이 발견될 경우, 경중에 따라 보완 명령, 경고, 과태료 부과, 해임 요구 등의 조치를 취할 방침이다.  도 공직자윤리위원회 관계자는 ""재산 변동 사항 신고 대상자 가운데 공직을 이용한 부정한 재산 증식 의혹이 있는 공직자가 발생하면 관계기관에 조사를 의뢰할 예정""이라고 말했다.  이어 ""도민의 신뢰를 받을 수 있도록 앞으로 재산 등록 및 심사를 더욱 강화해 공직윤리를 바로 세울 것""이라고 말했다.  도내 총액 상위는 맹의석 아산시의원으로 61억900여만 원이며. 총액최하위는 박응수 예산군의원으로 4억4700여만 원이다.  한편 도지사를 포함한 지방자치단체장과 정부 부처 장ㆍ차관 등 고위 공무원의 재산 변동 사항은 정부공직자윤리위원회가 관보를 통해 같은 날 공개했다."
2,"솔밭중, 온라인 학교설명회","충북 청주 솔밭중은 25일 온라인 학교설명회와 학부모 총회를 열었다.  2021학년도 학사 운영 전반을 안내하기 위해 마련된 이날 행사는 코로나19 방역수칙을 준수하면서도 학부모들이 시간과 장소의 부담 없이 참여할 수 있도록 퇴근 이후 시간인 오후 7시부터 유튜브를 활용한 비대면 온라인 방식으로 개최했다.  비대면 방식이지만 정우정 교장의 인사를 시작으로 실시간쌍방향 원격수업 운영 및 출결처리 방법, 학생평가규정, 자유학기제, 그리고 고등학교 입시 등을 설명하는 등 학부모들이 궁금해하는 학교 운영 주요 사항에 대해 안내했다.  올해 초 학부모회 조례가 제정으로 학부모회 임원을 민주적 절차에 따라 선출하게 됨에 따라 솔밭중은 지난해 학부모회 임원들을 중심으로 준비위원회와 선출관리위원회를 구성한 뒤 학교 홈페이지에 선출 공고를 시작으로 입후보자들의 등록을 받으며 본격적인 임원선출을 했다.  입후보 등록 결과 입후보자수가 임원 정수와 같아 선출관리위원회에서는 학부모회 규정에 따라 당선을 결정했고 학교설명회 이후 2021학년도 학부모회 임원 6명에게 당선증 수여와 학부모 자치활동 활성화와 학교교육 발전에 기여하겠다는 신임 회장의 당선 인사말이 이어졌다."
3,"옥천소방서, 영농철 농기계 사고 구조 훈련 실시","충북 옥천소방서는 25일 옥천군 농업기술센터를 방문해 농기계 사고를 대비한 구조대원 특별구조 훈련을 진행했다.  이날 훈련은 본격적인 영농철을 맞아 농촌에서 자주 발생하는 농기계 사고를 대비해 농기계의 구조 원리를 이해하고 전문적인 조작과 인명 구조기법을 익혀 사고 발생 시 신속하고 효율적인 대응체계 구축을 위해 마련했다.  중점 훈련내용으로는 농기계 제원과 구성 원리 이해, 농기계 운영상 주의사항 숙지, 농기계 사고 사례와 유형별 대응 훈련, 농기계 비상대처 요령 등 다양한 상황을 설정해 해결 능력을 배양하는 것에 중점을 뒀다.  농기계는 별도의 안전장치가 없어 사고 시 심각한 부상으로 이어지며, 논ㆍ밭 등 비탈길 운행이 많아 안전사고 예방에 각별한 주의가 필요하다.  특히 음주 후 농기계 운행을 절대 금지해야 하며 야간운행을 대비한 후부 반사판을 부착하고 부득이 도로 주행 때 중앙선 기준 가장 우측을 이용하여 서행해야 한다."
4,"순천향대학교 김승우 총장,스테이 스트롱(Stay Strong) 캠페인 동참","순천향대학교 김승우 총장은 25일 코로나19 극복과 조기 종식을 응원하기 위해 대한민국 외교부가 진행하고 있는 릴레이 캠페인 스테이 스트롱(Stay Strong)에 동참했다.  이응기 충남테크노파크 원장의 지목을 받아 참여한 김 총장은 '코로나19 극복! 순천향이 함께 합니다'라는 응원 문구가 적힌 피켓을 들고 참여했다.  스테이 스트롱 캠페인은 코로나19 극복을 위한 연대의 메시지를 전 세계로 확산시키기 위해 외교부에서 시작한 캠페인이다. 기도하는 두 손에 비누 거품이 더해진 그림과 응원 문구를 통해 철저한 위생관리로 코로나19를 이겨내자는 의미를 담고 있으며, 응원 사진을 SNS에 게시하고 다음 참여자를 지목하는 릴레이 방식으로 진행된다.  김 총장은 ""해가 바뀐 후에도 코로나19 감염병의 장기화로 전 세계가 어려움을 겪고 있고 대학도 전례 없는 위기를 극복하기 위해 많은 노력을 기울이고 있는 만큼 하루빨리 일상으로 돌아갈 수 있길 바란다""며 ""순천향대는 뉴노멀 블렌디드 교육 시스템을 구축하는 등 교육 혁신에 앞장서며 앞으로도 위드(With) 코로나 시대에 선제적으로 대응해나갈 것""이라고 말했다.  김 총장은 다음 참여자로 순천향대학교 부속 천안병원 이문수 원장과 부속 부천병원 신응진 원장을 지목했다."
5,"한서대, 청운대와 '교양교육 공유' 업무협약","충남 한서대학교와 청운대학교가 교양 교육 공유를 위한 업무협약협정을 3월 25일 한서대 본관 국제회의실에서 체결했다.  이날 대학에 따르면 코로나19로 인한 뉴 노멀(New Normal) 환경에서 교육의 효율성을 높이기 위해 한서대학교 함정현 교양교육원장과 청운대학교 구은자 교양대학장은 양 기관의 각종 교육자원을 상호지원하기로 한 협약서에 서명했다.  이 협약에 따라 양 기관은 교양교과목 및 교육과정 등을 공동으로 개발ㆍ운영하는 한편 양 기관이 필요로 하는 교육자원을 상호지원하기로 했다.  또 공동 발전을 위한 상호 관심 사항에 대해 지속적인 협력관계를 유지하기로 했다.  한서대학교 함정현 교양교육원장은 ""대내외의 변화에 민감하게 대처하기 위해 함께 협력하여 새로운 표준을 만들어나갈 것.""이라고 말했다.  이 협약식에는 한서대학교 임명재 교육혁신원장, 배정환 커리큘럼인증센터장을 비롯한 교수 8명, 청운대학교에서는 이소영 창의인성교육센터장, 신혜성 교육혁신센터장과 관계자 3명 등 모두 6명이 참석했다."
6,"정세균 44억원, 박지원 18억원, 홍남기 14억원 신고","정세균 국무총리는 경북 포항시 북구 장성동 임야 26억원, 마포구 상수동의 아파트 등 건물 10억5300만원, 예금 9억 9100만원 등 전년도보다 5억 6000만원 줄어든 44억 9300여만원의 재산을 신고했다.  이남우 국가보훈처장은 10억 5200만원, 황서종 인사혁신처장은 15억 6500만원, 이강섭 법제처장은 강남구 개포동 주공아파트와 상가 근린시설 등 건물55억 9800만원, 예금 43억원, 증권 27억5800만원 116억 9400만원을 신고했다.  조성욱 공정거래위원장은 송파구 문정동 상가와아파트 근린생활시설 등 건물 12억 6000만원과 예금 17억 3600만원 등 30억원을, 은성수 금융위원장은 세종시 아파트와 서울 옥수동과 잠원등 아파트 근린생활시설 등 건물 20억원과 예금 15억 5600만원 등 39억 2200만원을 각각 신고했다.  또 윤석현 금융감독원장은 건물 4억4600만원, 예금 28억여원 등 32억 8600만원을 신고했다.  홍남기 부총리 겸 기획재정부 장관은 토지 7400만원, 아파트 9덕 7000만원, 예금 5억 7000만원 등 14억 7000만원으로 총재산을 신고했다.  유은혜 부총리겸 교육부 장관은 건물 2억원과 예금 1억 1000만원 등 부채를 제외하면 1억 6500여만원의 총재산 신고를 했다.  이밖에 박지원 국정원장은 2억 4680만원 증가한 18억여원을, 최재형 감사원장은 경기도 가평군 상명 소재 토지 1억 1100만원, 양천구 목동 아파트 8억원, 예금 7억여원 등 18억 7200만원으로 신고했다.  "
7,"제천시, 장락동 A식자재마트 '현장점검'","충북 제천시 장락동 일원에 대형 식자재마트 입점으로 중소ㆍ영세상인들의 반발과 골목상권 침해라는 지적을 받자 시가 현장 점검에 나섰다.  시는 25일 관계부서와 합동으로 A식자재마트를 찾아 방역수칙 이행여부, 농축산물 위생관리, 원산지 표시여부, 식품위생법 준수여부, 건축물 위법사항 등에 대해 현장점검을 벌였다.  점검 결과 시는 건축법을 위반한 컨테이너 4동과 천막 9동에 대해 자진철거 시정조치 명령을 내렸다.  시와 상생협약에 따른 이행사항 확인결과 130여명의 종업원 중 제천시민 85% 이상 채용과 지역대리점 등에서 공산품 납품을 확인했다고 덧붙였다.  지역농산물 입점에 대해서도 제천농협과 협의를 진행 중으로 매장에 농산물 부스를 설치하기로 했다.  이날 시는 마트 측과 오는 30일부터 영업종료 시간을 오후 10시로 조정하고 의무휴업일 적용에 관해서도 협의해 나갈 예정이다."
8,우리의 손으로 민주적인 학교 풍토를,"충북 보은내북초(교장 전순억)는 지난 24일 본교 참솔마루 강당에서 전교생을 대상으로 2021학년도 학생회 회장과 부회장 선출을 위한 후보자 토론회와 선거를 실시했다.  지난 3월 12일 선거관리위원회 구성을 시작으로 후보등록, 기호추첨, 비대면 선거운동의 과정이 민주주의 선거 원칙과 절차에 따라 진행되었고 전교학생회 후보자들은 모두가 즐겁고 행복한 학교를 만들어 나갈 공약을 가지고 소견발표를 했다.  학생들은 학생자치회를 이끌어갈 대표를 신중하게 뽑기 위해 후보자의 자질을 검증하는 공개토론회에서 쉴새 없이 질문을 하는 한편, 투표권은 없지만 유치원 원아들도 후보들의 이야기를 진지하게 듣고 질문도 하며 토론회와 투표 과정을 호기심어린 눈으로 참관했다.  학생회장과 부회장에 당선된 이현호(6학년), 정재환(5학년) 학생은 ""내북초 모든 학생들이 초등학교에서의 멋지고 아름다운 추억을 만들 수 있도록 최선을 다하여 노력하겠다""는 당선 소감을 전했다."
9,"靑, ""北 미사일 발사 깊은 우려""…NSC 상임위 열어 北 미사일 발사 논의","청와대가 25일 북한의 탄도 미사일 추정 발사체 발사와 관련해 깊은 우려를 표명했다.  청와대는 이날 오전 9시부터 국가안전보장회의(NSC) 상임위원회 긴급회의를 소집, 대책을 논의 후 미국의 대북정책 검토가 진행중인 가운데 미사일을 발사한 점에 깊은 우려를 표명했다.  상임위원들은 원인철 합찹의장으로부터 관련 보고를 받고 한반도의 전반적인 안보상황을 점검하고, 미국 등 유관국들과 발사 배경과 의도를 정밀 분설하면서 협의를 강화해 나가기로 했다.  이날 오전 7시 25분 합동참모본부는 '북한, 동해 상으로 미상발사체 발사했다'라는 문자 메시지를 출입기자들에게 발송했고, 이어 8시 15분 추가 메시지를 통해 ""북한은 오늘 아침 함경남도 일대에서 동해상으로 미상발사체 2발을 발사하였으며, 추가 정보에 대해서는 한미 정보당국이 정밀 분석 중에 있다""고 했다.  합참의 발표는 일본 방위청에 비해 16분 늦은 것이어서 비판이 제기됐다. 일본 방위성은 이날 오전 7시 6분쯤 북한이 탄도미사일 발사한 것을 발표하면서 ""일본의 배타적 경제수역 밖에 낙하해, 일본에 직접적인 영향은 없는 것으로 보인다""고 밝혔다.  "
10,"국회의원 재산변동…충북 박덕흠 559억, 변재일 41억, 이종배·임호선 26억 順","국회공직자윤리위원회가 25일 0시를 기해 국회 공보를 통해 공개한 국회의원 정기재산변동사항 신고내역에 따르면 신고총액이 500억원 이상인 2명(전봉민 의원, 박덕흠 의원)을 제외한 296인의 신고재산액 평균은 23억6136만원이다.  재산 증가자는 247명(82.9%), 감소자는 51명(17.1%)으로 나타났다.  박병석 국회의장은 총계 63억2600만원으로 지난해보다 14억1000여 만원이 증가했다.  서울 반포아파트(196.8㎡ㆍ39억6100만원)가 6억여 원이 오르는 등 건물은 42억2500만원, 충북 제천시 봉양읍 연박리ㆍ원박리에 있는 임야 19만여 ㎡와 대지 600여㎡ 등 토지는 1억3400여 만원이 오른 3억3000만원으로 기록했다.  예금은 12억원 증가한 16억여 원을 신고했다.  충북 지역구 의원의 경우 해마다 국회의원 재산순위 3위권 이내를 지켜온 보은옥천영동괴산 지역구 박덕흠 의원은 전년과 비슷한 559억8800만원을 기록했다.  박 의원은 서울 송파구 잠실동에 대지와 잡종지 강원도 홍천군 북방면에 전답 임야, 제주도 서귀포시에 과수원 등 막대한 토지를 보유하고 있다.  토지가격만 6억여 원 증가한 220억원을 기록했고, 서울 삼성동 아이파크 아파트를 비롯해 상가 창고 단독주택 등 건물 등은 17억원 증가한 94억3000만원으로 신고했다.  예금은 전년도보다 28억여 원 줄어든 158억5000만원을 보유하고 있어 총재산은 전년도 보다 350여 만원 줄어든 559억8800만원을 신고했다.  청주 흥덕의 도종환 의원은 충북 청원군 오창읍 가좌리 전 813㎡ 등 대지와 전답 2억600만원, 단독주택과 아파트 등 건물 9억2000만원, 예금 9억원 등 총재산을 전년대비 9000만원 증가한 20억6700만원으로 신고했다.  청주 청원의 변재일 의원은 청주시 상당구 사동리 임야를 비롯해 경기도 화성시 임야, 경기도 안성시 원곡면 산하리 임야, 용인시 처인구 원삼면 죽능리 임야 등 토지를 전년보다 1600여 만원 오른 8억5000여 만원으로 신고했고, 서울 여의도동 아파트(14억7900만원) 등 건물 16억6900만원, 예금 10억6400만원, 증권 약 2억원 등을 포함해 총재산이 전년보다 3억2000만원 증가한 40억8900만원으로 신고했다.  청주 서원의 이장섭 의원은 제천시 봉양읍 토지(1983㎡) 289만원, 청주시 흥덕구 아파트 등 건물 10억원과 예금 2억4100만원 등 전년도보다 3억8000여 만원 증가한 8억6800여 만원을 신고했다.  청주 상당의 정정순 의원은 서울 송파구 신천동 아파트 등 건물 12억5200만원, 예금 26억500만원 등 총재산이 전년보다 9300여 만원 줄어든 15억1600만원으로 신고했다.  정 의원은 장남과 차남 재산에 대해서는 고지를 거부한 것으로 나타났다.  충주의 이종배 의원은 경기도 이천시 율면 산양리 임야 2816㎡와 충주시 주덕읍 소재 답 2177㎡ 등 8500여 만원, 서울 개포동 주공아파트(13억6600만원) 등 아파트와 오피스텔 15억7600만원, 예금 8억 7600만원을 합해 4억2500만원 늘어난 총재산 26억5500만원을 신고했다.  제천의 엄태영 의원은 강서구 가양동ㆍ제천시 고암동 아파트 등 4억4200만원, 예금 2억3000만원 등 총재산 6억9200여 만원을 신고했다.  증평진천음성의 임호선 의원은 진친군 초평면 은암리 일대 임야 등 토지 10억7300만원, 예금 7억5000만원 등 총재산이 전년보다 9700여 만원 감소한 26억여 원으로 신고했다."
11,"KT&G, 오는 26일 '88 리턴즈' 전국 출시","KT&G가 90년대 인기를 끌었던 88 제품을 현대적으로 구현한 '88 리턴즈(88 Returns)'를 오는 29일 전국 편의점에 출시한다.  88 리턴즈는 '뉴트로(Newtro)' 콘셉트를 적용해 88 고유의 특성인 담배 본연의 맛을 담은 신제품이다.  패키지도 88의 감성을 현대적으로 재해석해 디자인했다. 88의 상징인 하늘색을 패키지 색상으로 정했고, 당시 심볼이었던 국보 1호 숭례문을 삽입했다.  또 고급감과 편의성을 강화하기 위해 소프트 케이스 대신 하드 케이스를 적용했다.  88 제품은 1988년 서울올림픽을 기념해 1987년 처음 출시된 바 있다. 88 브랜드는 1988~1995년까지 8년 동안 국내 시장에서 가장 높은 판매량을 기록했다.  88은 당시 세계화 흐름에 발맞춰 KT&G의 담배 중 영문 표기로만 판매된 최초의 제품이다. 브랜드명 88은 1986년 대국민 공모를 통해 선정됐다.  공모에는 10만명이 참가해 화제를 모았고, 공정한 심사를 거쳐 88이라는 이름이 탄생하게 됐다.  정윤식 KT&G 브랜드실장은 ""88 브랜드를 현대적으로 재해석해 담배 본연의 맛과 향수를 불러일으키는 88 리턴즈를 선보이게 됐다""며 ""88의 추억을 기억하는 이들과, 현대적인 트렌드를 즐기는 소비자들을 모두 만족시키는 '뉴트로(Newtro)' 제품이 될 것""이라고 밝혔다."
12,박진기 의원'보은군 양봉산업 육성 및 지원에 관한 조례안' 발의,"충북 보은군의회 박진기 의원이 발의한 '보은군 양봉산업 육성 및 지원에 관한 조례안'이 25일 열린 354회 군의회 임시회에서 의결됐다.  이 조례안의 제안이유는 양봉농가의 소득등대를 도모하고 지역 경제발전에 기여하기 위함이다.  조례의 주요내용은 지원계획 수립 및 시행에 관한 사항, 지원사업에 관한 사항, 밀원식물의 조성에 관한 사항, 전문인력의 양성에 관한 사항, 연구 및 기술개발에 관한 사항, 표창에 관한 사항 등을 규정했다.  조례안은 군수는 군유림을 조성하거나 군유림의 수종(樹種) 갱신할 경우 지역적 특성을 고려하여 밀원식물을 확충하도록 노력하여야 하며, 밀원식물의 선발ㆍ증식 및 보호ㆍ관리에 필요한 사업비를 예산의 범위에서 지원할 수 있다고 규정하고 있다.  박진기 의원은 ""이번 조례안 제정으로 밀원식물의 지속적인 확대 및 보전을 통해 양봉 농가를 체계적으로 지원할 수 있는 기반이 마련되기를 기대한다""고 말했다."
13,"충북도의회 ""농·어업인 재난지원금 추경안 통과 환영""","충북도의회는 25일 4차 긴급재난지원금 지급을 위한 정부 추가경정예산안에 농ㆍ어업인도 지급대상에 포함된 것에 대해 환영의 뜻을 밝혔다.  농ㆍ어업인 등에 지원하는 재난지원금은 정부방역 조치로 매출이 줄어든 농ㆍ어업인 3만2000가구와 0.5㏊ 미만의 농지를 소유한 영세농민 46만 가구, 화훼ㆍ친환경농산물 등 피해작물 재배농가로 이달 말부터 지급될 예정이다.  박문희 의장은 ""재난지원금 지급대상에 코로나19로 어려운 농ㆍ어민 등이 포함돼 다행""이라며 ""정부예산의 한계로 모든 농ㆍ어민들에게 지원을 못해 아쉽지만 조금이나마 도움과 위로가 되길 바란다""고 말했다.  충북도의회는 지난 15일 박 의장과 이의영ㆍ오영탁 부의장, 이상욱 의회운영위원장, 하청원 대변인, 연종석 산업경제위원장이 재난지원금 지급대상에 농ㆍ어업인 등을 포함시켜줄 것을 강력히 촉구하는 건의문을 대통령과 관계부처에 전달한 바 있다."
14,"계룡시, 민선5기 공약이행 주민배심원 2차 회의 개최","계룡시가 민선5기 공약이행 점검 주민배심원 2차 회의를 진행했다.  충남 계룡시가 지난 24일 시청 상황실에서 민선5기 공약사항을 점검하고 평가하기 위해 주민배심원 20여 명이 참석한 가운데 주민배심원 2차 회의를 개최했다.  이날 회의에서는 행정복지분과ㆍ안전건설분과 소관 공약에 대해 담당 부서장이 집접 나서 주민배심원들에게 설명하고 질의응답을 통해 공약이행 과정에서의 문제점과 개선방안 등을 심도 있게 논의했다.  모두 3차례 회의를 거쳐 공약 조정 적정여부 심의ㆍ공약이행 평가 등을 수행하는 주민배심원제는 주민이 시정에 직접 참여함으로써 공약 평가, 대안 제시 등을 통해 공약의 실효성과 이행률을 높인다.  김세겸 정책예산담당관은 ""오늘 회의를 통해 공약이행 과정에서 미처 생각하지 못한 부분에 대한 배심원단의 날카로운 지적이 있었다""며 ""수준 높은 공약이행과 주민 삶의 질 향상을 위해 배심원단이 제안한 의견과 건의 사항을 적극 수렴하겠다""고 말했다."
15,"한남대, 학제개편 경쟁력 강화 나서","한남대가 첨단학과의 신ㆍ증설과 특성화, 융ㆍ복합교육을 강화해 대학 경쟁력을 높인다.  한남대학교는 4차 산업혁명시대의 사회 변화에 대응하고 학생ㆍ산업계의 수요에 부응하기 위해 학제 개편에 나섰다고 25일 밝혔다.  한남대에 따르면, 2022학년도에 가칭 '스마트융합대학'과 '아트&디자인테크놀로지대학' 등 2개의 단과대학을 신설한다.  스마트융합대학은 사회적 수요가 급증하는 소프트웨어와 IT, 빅데이터 분야의 컴퓨터공학과, 산업경영공학과, AI융합학과, 수학과, 빅데이터응용학과 등 공학ㆍ이학ㆍ사회 계열의 학과들이 함께 소속돼 전공 간 시너지 효과를 극대화하게 된다.  '아트&디자인테크놀로지대학'은 융합디자인학과와 회화과, 의류학과, 미디어영상학과 등으로 구성된다.  명칭에서 드러나듯 이 단과대학은 기존 조형예술학부 학과들의 예술성에 공과대학 미디어영상학과가 합류해 테크놀로지가 더해진 것이다. 예술ㆍ디자인 감각과 더불어 디지털 영상 기술을 복합적으로 갖춘 창의적 인재를 양성할 것으로 기대된다.  한남대는 최근 교육부의 첨단학과 승인을 받은 '바이오제약공학과'를 생명ㆍ나노과학대학 내에 신설해 올해부터 40명의 신입생을 선발한다.  바이오분야 학과와 교수 연구 분야의 강점을 극대화하고 국내외 연구소, 기업 등과 협업을 통해 앞으로 예측되는 IT와 바이오 융합에 의한 5차 산업혁명에 선제적으로 대처하겠다는 전략이다.  기존 학과의 커리큘럼 조정과 유망 분야를 강화하는 전략도 함께 추진된다. 경상대학의 컨벤션호텔경영학과는 '호텔항공경영학과'로 명칭이 변경돼 항공 분야가 강화된다.  영어로 수업하는 국제학부인 린튼글로벌비즈니스스쿨을 '린튼글로벌스쿨'로 이름을 바꾸고 글로벌비즈니스전공과 글로벌미디어ㆍ컬쳐 전공으로 세분화해 학생들의 선택 폭을 확대한다."
16,"보은군, 올해 말까지 농지원부 일제정비 완료","충북 보은군은 지난해부터 추진해온 농지원부 일제정비를 올해 마무리 한다.  농지원부는 농지의 소유ㆍ이용실태 관리를 위한 공적 장부로, 군은 농지원부 관리 강화를 위해 작년부터 농지원부의 전수 확인 및 점검을 추진하고 있다.  군은 중점 정비 대상인 3만 7168필지(6037ha)에 대해 농지원부와 토지대장, 농업경영체 등록정보 등 타 공적자료와 비교ㆍ분석해 정보가 일치하지 않는 경우 소명자료 요구 및 현장 점검을 실시하고 농지원부를 최종적으로 완료할 방침이다.  특히 올해는 농지의 소유ㆍ임대차 정보를 중점적으로 현행화 할 계획으로정비과정에서 불법 임대차의 정황이 확인되는 경우, 오는 9~11월 농지이용실태조사 시에 점검 대상에 포함해 조사할 예정이다."
17,"전력거래소, 오송에 전력관제센터 건립","충북도는 25일 도지사 집무실에서 청주시와 충북경제자유구역청, 한국전력거래소, 한국산업단지공단 등 4개 기관과 오송바이오폴리스지구 내 한국전력거래소의 후비 전력관제센터 건립을 위한 투자협약을 체결했다.  이날 협약식에는 이시종 지사와 전형식 충북경자청장, 조영탁 한전거래소 이사장, 김정환 한국산단공단 이사장 등이 참석했다.  이번 투자협약으로 한국전력거래소는 오송바이오폴리스지구 내 부지면적 1만6528㎡, 건축면적 7264㎡ 규모의 전력망 감시ㆍ제어시설, 사무시설 등을 갖춘 후비 전력관제센터를 건립할 예정이다. 향후 IT전산설비를 포함해 2024년까지 총사업비 700억원이 투입된다.  한국전력거래소는 2017년 집중호우로 인한 산사태 피해로 중부지사의 후비 전력관제센터 기능이 정지됐으며, 이후 재난안전성 진단 결과 산사태 재발 가능성이 높다는 의견을 받아 이전을 결정했다.  지난 2월 6곳의 후보지역을 대상으로 현장실사, 지자체 의견수렴 등을 거친 결과 충북 오송을 최종 입지로 선정했다."
18,"천안함생존자예비역전우회, 200만원 기부",천안함생존자예비역전우회는 25일 저소득 참정유공자를 위한 후원금 200만원을 천안시에 전달했다.  천안함생존자전우회는 최원일 전 천안함장(2008~2010년)을 비롯해 2010년 3월 천안함 피격 당시 생존자 58명으로 구성됐다.  전달식에는 최원일 전 천안함장과 전준영 예비역회장이 함께했다.  전 회장은 “3월 26일 천안함 피격 11주기를 맞아 작은 도움이지만 저소득 참전유공자분들에게 작은 힘이나마 보태고 싶어 후원을 하게 됐다”고 말했다.  후원금은 충남사회복지공동모금회를 통해 지역 내 저소득 참전유공자를 돕는데 사용된다.
19,2022학년도 고등학교 입학전형 기본계획 확정 공고,"충남도교육청은 지난 24일 '2022학년도 고등학교 입학전형 기본계획'을 확정 공고했다.  주요 내용은 △아산 교육감전형 실시 △봉사활동 내신성적 반영시간 축소 △특목고(예술ㆍ체육고, 산업수요맞춤형고) 내신성적 산출 방법 명시 △영재학교 간 중복지원 금지 △중학교졸업학력 검정고시 합격자 추가 전형 실시 등이다.  학생 선발은 전기, 후기로 나누어 진행한다. 전기에는 외국어고를 제외한 특수목적고와 특성화고, 일반고(특성화학과)가, 후기에는 일반고, 외국어고, 자율형 사립고가 전형을 치른다.  전기 또는 후기학교 1개 학교만 지원할 수 있고, 전기학교에 불합격자는 후기학교에 지원할 수 있으며 후기학교 불합격자는 미달학교 추가모집에 지원할 수 있다.  그리고 올해부터는 영재학교 간 중복지원은 금지된다.  특수목적고(충남외고, 충남과학고), 자율형 사립고(북일고, 충남삼성고)는 자기주도학습전형에 의해, 다른 특수목적고(예술ㆍ체육고, 산업수요맞춤형고)는 내신성적과 면접 또는 실기평가 등에 의해, 특성화고와 일반고는 내신성적만으로 합격자를 선발한다.  교육감전형은 천안시와 아산시 소재 일반고등학교를 각각 단일학군으로 설정하여 실시한다.  교육감전형 지역에 소재하는 중학교 졸업예정자는 중학교가 소재하는 학군에 지원할 수 있고, 교육감전형 지역 외 소재 중학교 졸업예정자는 천안학군에만 지원 가능하다.  단, 음봉중학교 2023학년도 졸업예정자(2021학년도 중학교 1학년)까지는 천안학군과 아산학군 중 1개 학군을 선택하여 지원할 수 있다. 또한 2022학년도에는 2022년 제1회 중학교졸업학력검정고시 합격자를 대상으로 추가전형을 실시한다.  고입 내신성적 산출 시 봉사활동은 코로나19로 인해 기존 3년간 40시간에서 3년간 15시간으로 축소하여 반영되는데, 3년간 15시간은 대부분의 학교에서 교육과정 내 봉사활동만으로도 충분히 확보할 수 있는 시간으로 코로나19로 인한 학생의 봉사활동 부담을 없애줄 것으로 기대된다."
20,"목원대 총학생회, 신입생을 위한 응원 선물","목원대학교 총학생회가 비대면으로 대학 생활을 시작한 1~2학년 학생 3686명에게 응원 선물을 전달했다.  이번 응원 선물은 총학생회의 제안에 따른 것으로, 1학년 학생에게 에코백(천 가방)과 이동식저장장치(USB)를, 2학년 학생에게는 티셔츠와 우산을 우편으로 발송했다.  총학생회는 코로나19로 축소가 불가피한 1학기 행사 예산 등을 절약해 신입생을 위한 응원 선물 제작을 기획했다.  학교는 여기에 예산을 더해 지난해 비대면으로 대학 생활을 시작했던 2학년까지 대상을 확대했다."
21,천안시청소년상담복지센터 상반기 등굣길 캠페인 오는 4월 2일까지 전개,"충남 천안시청소년상담복지센터는 25일 새학기를 맞아 지난 22일부터 오는 4월 2일까지 청소년 상담주간 내 관내 초ㆍ중ㆍ고 8개교를 방문해 등굣길 캠페인을 운영한다고 밝혔다.  이번 캠페인은 코로나19 장기화로 지쳐있는 청소년의 마음과 새학기 적응을 돕기 위한 청소년 응원 메시지 '요즘엔 어때? 고민이 있을 땐 언제나 네 편, 청소년전화1388'와 마스크, 휴대용 손소독제, 물티슈 등 방역물품을 전달한다.  센터는 천안지역 청소년들의 지친 마음을 치유해 주기 위해 등굣길 캠페인을 포함해 거리 상담지원, 찾아가는 음료서비스, 1388청소년 지원단, 수능 아웃리치 등 청소년 지원 활동을 계획해 지속적인 노력을 기울일 계획이다."
22,양승조 충남지사 해태제과 천안공장 화재현장 방문,"충남 천안서북소방서는 25일 양승조 충남도지사가 천안시 성거읍 천흥리 소재 해태제과 천안공장 화재현장을 방문해 피해상황을 점검했다고 밝혔다.  양 지사는 박찬형 천안서북소방서장으로부터 화재피해 상황, 동원인력, 시간대별 조치사항 등을 보고 받았은 뒤 화재로 피해를 입은 공장동을 둘러보며 피해상황을 점검하고 향후 피해복구를 위해 지원방안을 모색했다.  밤새 화재진압으로 고생한 소방공무원을 격려하고 화재 현장 뒤에서 현장활동 지원을 해준 의용소방대원에게 감사를 전했다."
23,지난해 코로나19 관련 소비자 상담 폭증,"충남도는 25일 지난해 1372소비자상담센터에 접수된 도내 소비자 상담 현황 분석 결과를 발표했다.  현황 분석 결과에 따르면, 지난해 도내 소비자 상담 건수는 전년 대비 소폭 증가(0.6%, 166건)한 2만 6317건으로, 이는 전국 소비자 상담 68만 8673건의 3.8%이다.  도내에서 상담이 가장 많이 접수된 품목은 의류ㆍ섬유(1130건), 헬스장ㆍ휘트니스센터(713건), 휴대폰ㆍ스마트폰(649건), 투자자문ㆍ컨설팅(645건), 국외여행(599건) 순으로 집계됐다.  전년 대비 상담 건수 증가율이 가장 높은 품목은 보건ㆍ위생용품(1043.6%)이었고, 예식서비스(292.9%), 외식(215.8%), 항공여객운송서비스(94.1%) 등 코로나19 관련 품목이 대부분 높은 증가율을 기록했다.  판매 방법별 상담 건수는 일반판매 1만 2803건(48.6%), 국내 온라인 거래 6580건(25%), 방문판매 1849건(7%), 전화 권유 판매 1213건(4.6%) 순으로 나타났다.  특히 TV홈쇼핑 상담이 코로나19 확산에 따른 사회적 거리두기의 영향으로 전년(587건) 대비 38.2% 증가한 811건을 기록했다.  주된 상담 사유는 △품질ㆍA/S 관련 6534건(24.8%) △계약 해제ㆍ위약금 5687건(21.6%) △계약 불이행 3463건(13.2%) △청약 철회 2549건(9.7%) △표시 광고 및 약관 1734건(6.6%) △부당행위 1237건(4.7%) △가격ㆍ요금 938건(3.6%) 등으로 조사됐다.  상담 내용도 코로나19로 취소된 예식, 외식, 해외여행 등과 관련된 계약 해제ㆍ위약금 상담이 가장 많이 증가(23.9%)한 것으로 분석됐다.  시군별로는 천안시가 상담 건수 6041건(41.6%)으로 가장 많고, 아산시 2199건(15.2%), 서산시 1190건(8.2%)가 뒤를 이었다.  고령인구가 많은 청양군(102건, 0.7%), 서천군(191건, 1.3%), 금산군(209건, 1.5%)은 상대적으로 소비자 상담이 적었다.  연령대별로는 30대가 7831건(30.6%)으로 가장 많았고, 40대 7371건(28.8%), 50대 5143건(20.1%), 60대 2433건(11.6%) 순으로 나타났다.  또 여성(1만 3787건, 52.4%)이 남성(1만 2520건, 47.6%)보다 많은 소비자 상담을 접수했다.  송무경 도 경제정책과장은 ""소비자 상담 분석 결과를 토대로 연령대별 차별화된 교육ㆍ홍보 방안을 마련하고, 소비자 피해 다발 품목에 대한 피해 예방을 강화할 계획""이라고 말했다."
24,"예산군 봉산면주민자치위원회, 해바라기·메밀꽃 종자 파종","충남 예산군 봉산면 주민자치위원회는 지난 24일 면소재지 내 유휴부지 3개소에 해바라기와 메밀꽃 종자를 파종했다.  이번 행사에는 주민자치위원회 회원 30여명이 참여했으며, 면을 통행하는 차량 운전자와 마을 주민들에게 쾌적한 환경을 제공하기 위해 추진됐다.  꽃길조성에 동참한 김영철 주민자치위원장은 ""겨우내 얼어붙은 땅을 일궈 씨앗을 뿌리는 작업이 앞으로 봉산면의 볼거리가 되고 주민들에게 희망을 심어줄 것이라고 생각하니 벌써부터 기대감으로 마음이 두근거린다""고 말했다.  김재호 봉산면장은 ""바쁜 농번기를 앞두고 마을의 쾌적한 환경 제공에 앞장서주신 주민자치위원회 회원들께 감사드린다""며 ""오늘 파종한 씨앗이 예쁜 결실을 맺어 활짝 핀 해바라기와 흐드러진 메밀꽃으로 거듭나 코로나19 여파로 지친 주민들의 마음을 위로하는 힐링 포인트로 자리매김 하길 바란다""고 밝혔다."
25,"보령시, 민선7기 공약이행현황 점검을 위한'시민배심원제' 운영","충남 보령시는 25일 시청 대회의실에서 김동일 시장과 시민배심원 30여 명이 참석한 가운데 시민배심원제 회의를 가졌다.  이번 회의는 민선7기 공약사항 중 시민들이 직접 선정한 공약 안건 10건에 대해 지난해까지 이행 현황을 점검하고 시민들의 공약에 대한 개선방안 및 아이디어 제안 등을 모색하기 위해 마련됐다.  시에 따르면 민선7기 공약사항은 모두 65건으로 이 중 성주산 낙조전망대 설치 등 33건은 완료, 원산도 해양레저관광 거점 조성 등 29건은 추진중, 쇗개포구 관광야시장 개장 등 3건은 시기 미도래로 현재까지 공약추진율은 69.4%이다.  이날 시민배심원제 회의에서는 공약이행평가 안건으로 선정된 10건에 대하여 공약 추진부서 담당자가 직접 설명하고 질의ㆍ응답 시간을 가져 시민의 목소리를 생생하게 들을 수 있었다.  시민배심원제 공약이행평가 안건은 △경찰서 이전부지 복합 업무타운 건립 △2022 보령해양머드박람회 성공 개최 △성주산 모노레일 설치 △보령시립도서관 건립 사업 △청정바다 가꾸기프로젝트 △응급환자 응급실 개선 △종합복지타운 건립 △보령~대전 고속도로 건설 △ 국도21호(주산~웅천) 도로건설 △시도9호(대천IC~해안도로)확포장 등이다.  김동일 시장은 ""이번 회의는 민선7기에 시민들에게 약속했던 공약사항 이행 상황에 대한 점검과 평가를 위한 자리""라며, ""시민배심원 여러분께서 주신 소중한 의견을 공약사업 추진과 시정에 적극적으로 반영하겠다""고 말했다."
26,"서천군, 2022년 정부예산 확보 제1차 추진상황 보고회 개최","충남 서천군은 25일 군청 대회의실에서 노박래 서천군수와 각 부서장 등이 모인 가운데 '2022년 정부예산 확보 제1차 추진상황 보고회'를 갖고 내년도 정부예산 확보 대상사업 추진상황 등을 점검했다.  이날 보고회는 지난 1월에 개최한 정부예산 추진전략 보고회의 67개 사업에서 부서별 국비 사업 적극 발굴을 통해 9건을 추가해 총 76건 사업의 추진상황과 관련부처와의 주요 쟁점사항, 우리군 대응전략을 집중 논의하는 자리로 진행됐다.  특히, 지역 발전 동력 마련을 위한 신규 사업으로 △국가 해양바이오 인증센터 건립(250억원) △근대역사문화공간 재생활성화 사업(81억원) △스마트 관망 인프라 구축사업(37억원) △교촌마을 취약지역 생활여건 개조사업(27억원) 등이 있다.  군은 이번 보고회를 기점으로 분기별 추진상황 점검을 통해 적극적인 대응전략을 마련할 것이며 예산 편성 순기에 맞춰 중앙부처를 방문해 우리 군 사업의 필요성 및 타당성을 설명할 예정이다.  지역출신 중앙부처 공무원 등 인적네트워크를 전방위로 활용해 정부예산 확보 활동에 힘쓰고, 각 부처별 추가 공모사업을 신속히 파악해 관련 사업을 지속적으로 발굴해 나갈 계획이다.  노박래 군수는 ""코로나19의 장기화로 대내외 재정이 어려운 상황에서 지역의 현안사업 추진을 위해 국비 확보가 꼭 필요하며 침체된 지역경제를 활성화 시키는 것이 무엇보다 중요한 시점""이라며 ""고강도 사회적 거리두기로 예산확보에 많은 어려움이 있지만 각 실과에서는 국비예산 확보를 위해 적극적으로 중앙부처에 찾아가 사업의 필요성 등을 설명하고 예산 확보를 위해 능동적으로 움직여 줄 것""을 당부했다."
27,"""코로나 방역 수칙 준수를""","한범덕 충북 청주시장이 25일 SK호크스발 집단감염과 벚꽃 개화기에 따른 코로나19) 방역수칙 준수를 당부했다.  한 시장은 25일 온라인 브리핑을 열고 ""지역 연고 운동선수단으로부터 시작된 연쇄감염으로 어제 15명, 오늘 아침 2명 등 17명의 확진자가 발생했다""며 ""선수와 감독은 물론 가족과 지인으로 감염고리가 이어져 이후 상황을 장담할 수 없다""고 설명했다.  이어 ""선수단이 머문 기숙사와 헬스장, 식당 등의 추가 접촉자 파악을 위해 800여 명을 검사해 결과를 기다리고 있다""며 ""아쉬운 것은 엿새 전 증상이 있었음에도 방치하다 감염 규모를 키웠다는 것""이라고 덧붙였다.  또 ""날씨가 따뜻해지고 75세 이상 예방접종 시작 등 경각심과 긴장을 느슨하게 하는 요인이 많다""며 ""당장 주말부터 시작될 봄꽃 구경이 문제""라고 말했다.  그러면서 ""지난해 거리두기와 마스크 착용, 보행자 일방통행 등이 전국 모범사례로 꼽혔던대로 이번에도 이 같은 방식으로 봄꽃을 즐겨주시기 바란다""고 강조했다.  특히 ""개인위생 수칙 준수와 의심 증상 즉시 검사, 예방접종 등 세 가지만 기억하고 지켜주시기 바란다""고 당부했다."
28,"충남안전체험관, 모든 강사 수화교육 이수 추진","충남도 안전체험관이 소방안전강사를 대상으로 수화교육 의무 이수를 추진한다.  이번 교육은 평소 의사소통이 어려운 청각장애인에게 맞춤형 소방안전교육을 제공하기 위한 것이다.  안전체험관은 지난 23일 첫 교육을 시작으로 향후 12주간 매주 화요일 수화교육을 진행할 예정이다.  소방안전강사는 충남농아인협회 수화교육센터 전문 강사로부터 기초 수화와 재난용어 등을 배우게 된다.  교육 내용은 청각ㆍ언어장애인의 의사소통 문화, 대화에 필요한 수화 등 기본적인 의사소통을 위한 수화 동작 등이다.  정재룡 충남안전체험관장은 ""비장애인과 장애인들의 소통의 장벽을 넘어 모두가 안전교육을 받을 수 있도록 할 것""이라며 ""앞으로도 재난취약계층을 위한 안전교육을 제공하기 위해 노력하겠다""고 말했다."
29,"청주 청원구, 농가 대상 못자리용 상토 무료 공급","충북 청주시 청원구는 농가의 노동력 부족과 고품질 쌀 생산 기반 확충을 위해 못자리용 상토 무료 공급을 실시한다.  1000㎡ 이상 벼를 재배하는 농민을 대상으로 내덕1동과 2동, 우암동 지역은 25일 배부했다.  율량사천동은 오는 31일 율량사천동행정복지센터 주차장에서, 오근장동 및 오창읍ㆍ내수읍ㆍ북이면 지역은 3월 하순부터 4월 초까지 배부할 계획이다. 청원구는 실 경작자에게 상토가 지원될 수 있도록 벼 재배 면적과 기본형 공익직접지불사업 자료 등을 활용해 지원대상을 선정했다.  또 벼 재배 농업인이 희망하는 상토를 직접 신청 받아 농업인의 재배 농법에 적합한 상토를지원하고 있다."
30,"조재연 대전·세종중기청장, 바이오기업 큐로셀 방문","조재연 대전ㆍ세종지방중소벤처기업청장이 24일 CAR-T 세포 치료제를 개발하는 바이오기업인 큐로셀(대표 김건수)을 방문, 바이오산업의 현장 목소리를 들었다.  큐로셀은 LG생명과학 출신 김건수 대표가 지난 2016년 설립한 'CAR-T 세포 치료제' 개발 기업이다.  CAR-T 세포 치료제는 환자 본인의 면역세포를 활용한 항암면역세포 치료제로, 기존 항암제로 치료가 불가능한 백혈병과 림프종 등 환자에게 높은 치료 효과를 보이며 최근 세계적으로 주목받고 있다.  김건수 대표는 ""큐로셀은 지난 2월 국내 최초로 CAR-T 치료제 후보물질 CRC 01에 대해 국내 첫 임상 허가를 받았다. 현재 삼성서울병원에 면역세포치료제 생산을 위한 GMP를 구축하는 등 긴밀하게 협조하고 있다""면서 ""앞으로 임상 결과를 바탕으로 기술의 우수성을 증명해 글로벌 바이오 기업들과 당당히 경쟁하겠다""고 말했다."
31,"천안 시청사와 생활체육공원, 문화공간 운영","충남 천안시가 코로나19로 지친 시민을 위로하고 지역 예술인의 활동 회복을 위해 ‘시민 일상 속 문화향유 공간’을 확대한다.  시는 사회적 거리두기와 상시 환기가 용이한 시청사 내 야외 문화공간과 생활체육공원을 활용해 시민들이 이용할 수 있도록 개방하고 다양한 문화예술 행사를 진행할 계획이라고 25일 밝혔다.  시청사는 불당동 시민생활체육공원에서 산책로로 연결돼 도심 속 녹색 휴식공간으로 시민들에게 사랑받고 있다.  야외 풀무리 극장과 버들광장, 영성지, 인공폭포, 트릭아트, 봉서홀 등 다채로운 볼거리와 문화시설을 갖춰 누구나 방문해 즐길 수 있다.  최근 보수 공사가 마무리된 시청사 야외무대 풀무리 극장을 포함한 1층 실내정원, 지하 갤러리 등 시청사 내 문화공간을 민간 예술단체들과 시민들이 자유롭게 이용할 수 있도록 무료대관을 추진한다.  풀무리 극장은 기존 노후된 스탠드 객석바닥을 철거 보수해 야외공연장 1951㎡, 객석 1480석을 재조성했으며, 몸이 불편한 장애인과 노인들이 자유롭게 객석과 산책로 등에 진입할 수 있도록 경사로를 설치했다.  시청사 내 문화공간을 사용하고 싶은 시민은 풀무리 극장은 시청 회계과(☏041-521-5304), 지하갤러리는 시청 문화관광과(☏041-521-5150)로 문의하면 된다.  시는 천안시립예술단이 주관하는 시민 참여형 문화예술 행사도 준비하고 있다.  매월 마지막 주 수요일에는 문화가 있는 날 ‘정오의 비타민 콘서트’, 공연장에 입장하기 어려운 영유아를 대상으로 열리는 ‘우리 아이 첫 콘서트’, 계절별 자연의 정취를 느낄 수 있는 ‘행복해지는 콘서트’를 개최할 예정이다.  지역 문화예술인들에게 활동 기회를 제공하기 위해 ‘2021 버스킹 천안’도 진행한다.  공모를 통해 선정된 지역의 거리예술가들이 참여해 신방쉼터공원, 천호지생활체육공원, 신부문화공원, 삼은저수지생활체육공원, 쌍용공원, 능수버들공원에서 6월 한 달 간 매주 토요일 23개팀이 48회의 버스킹 공연을 선보인다.  인디뮤직, 7080, 재즈, 트로트, 팝, 마술 퍼포먼스, 댄스 등 다양한 거리예술가들이 펼치는 길거리 공연을 넓은 공원에서 남녀노소 누구나 즐겨볼 수 있을 것으로 기대된다.  박상돈 시장은 “시청사가 불당동, 백석동 주민을 포함한 시민들의 일상 속 문화향유 욕구를 해소하고, 가족들과 함께 추억을 쌓을 수 있는 새로운 문화공간으로 자리 잡을 것으로 기대된다”며 “앞으로도 시민들이 마음을 치유 받을 수 있는 고품격 문화도시를 구축하는 데 총력을 기울이겠다”고 말했다."
32,"옥천군, 1회 추경 5234억 확정","충북 옥천군은 지난 23일 개의한 옥천군의회 288회 3차 본회의에서 1회 추가경정예산안과 기금운용계획안이 제출된 원안과 같이 의결됐다고 25일 밝혔다.  이번 추경을 통해 옥천군 예산은 기정예산 5030억원 대비 204억원(4.06%)이 증가한 5234억원으로 확정됐다.  옥천군은 이번 추경을 통해 소상공인 경영개선(점포환경)지원 4억원, 옥천사랑상품권 할인보전비용 3억원, 읍ㆍ면 특화사업 8억원을 비롯해 공공급식센터 신축, 유기질비료 지원 등 지역농업육성, 옥천읍 전선지중화(2단계) 사업비 등을 확보했다.  군은 확보한 예산을 신속하게 집행해 코로나19로 침체된 지역경제 활성화에 마중물 역할을 한다는 계획이다.  이번 추경은 교부세 감소 등 어려운 재정여건에서 내부여유자금인 청사건립기금을 활용해 편성했다.  그런 만큼 군은 코로나 19 대응사업비와 소상공인과 농업인 소득보전 지원 사업 등 침체된 지역 경기 회복과 지역농업 경쟁력 확보를 위한 사업비 편성에 심혈을 기울였다.  군의회 역시 편성된 사업들의 시급성과 필요성에 공감, 예산안을 원안대로 가결했다."
33,청주지역건축사회 22회 정기총회 개최,"청주지역건축사회는 25일 22회 정기총회를 협회 회의실에서 열고 우수공무원으로 선정된 청주시 공공시설과 이지영 주무관, 청원구청 건축과 김주미 주무관, 청주교육지원청 시설사업과 김혜영 주무관에게 표창장을 전달했다.  이날 총회는 코로나19로 인해 회원에게 서면결의 동의서를 받아 임원 및 대의원이 참석해 21회 정기총회 회의록과 2020년도 결산(안), 2021년도 사업계획 및 수지예산(안)을 원안대로 승인했다.  감사에는 이은숙(건축사사무소 다림) 건축사를 선출했다."
34,"세종시설공단, 안심꾸러미 나눔 1차 봉사활동","세종시시설관리공단(이하 공단)은 세종시 독거노인, 다문화 가정 등 사회적 취약 계층을 대상으로 생필품을 지원하는 '안심꾸러미 나눔 봉사활동'을 했다고 25일 밝혔다.  공단은 이번 봉사활동에 12명이 참석해 지역가정 30가구에 안심꾸러미를 전달했고, 이번 봉사를 시작으로 11월까지 매월 1회씩 총 9회의 봉사활동을 할 예정이다.  계용준 이사장은 ""코로나19로 어려운 시기에 소외된 이웃들이 따뜻한 봄을 맞이할 수 있도록 보탬이 된 것 같아 기쁘다""며 ""앞으로도 공기업으로서 사회적 책임을 다하기 위해 어려운 이웃을 위한 사회공헌 활동을 활발히 펼칠 것""이라고 밝혔다.  '안심꾸러미 나눔' 봉사는 세종특별자치시자원봉사센터(이사장 안우상) 주관으로 공단 등 지역 내 13개 기관이 협력해 코로나19 확산으로 인해 외부활동이 어려워 결식 우려가 있는 이웃을 위해 쌀, 밑반찬 등 생활 필수품과 마스크, 손소독제 등을 직접 전달한다."
35,"홍성군, 코로나19로 침체된 지역사회 문화예술로 치유한다","충남 홍성군은 올해 ‘문화가 있는 날’과 ‘방방곡곡 문화공감’등 3개의 문화예술 공모사업에 연이어 선정되며 약 1억1000만원의 국비를 확보, 지역주민들의 지친 심신을 문화예술로 치유한다.  군이 선정된 문화체육관광부 주최 ‘문화가 있는 날’사업은 매월 마지막 주 홍주문화회관, 이응노의 집 등 지역의 대표 문화공간과 학교 등에 찾아가는 문화예술 공연을 제공하는 것으로 오는 5월부터 10월까지 총 5회 진행된다. 재즈, 클래식, 무용, 국악 등 다양한 장르의 프로그램을 기획해 일반인 및 청소년들이 일상에서 문화를 향유할 수 있도록 추진할 예정이다.  이어 ‘방방곡곡 문화공감’사업의 선정으로 국공립ㆍ민간예술단체의 수준 높은 공연 프로그램을 무대에 올릴 수 있게 됐다. 군은 오는 6월부터 11월까지 국립오페라단의 ‘사랑의 묘약’, 뮤지컬 ‘김종욱 찾기’, 연극 ‘에쿠우스(EQUUS)’, ‘박애리와 함께하는 국악&힙합 융복합 퓨전콘서트 ’,‘무브먼트코리아 시즌3’ 등 작품성과 대중성을 인정받은 우수공연을 소개해 지역주민에게 폭 넓은 문화향유기회를 제공할 예정이다."
36,"진천군, 지적재조사사업 경계결정위 개최","충북 진천군은 25일 군청 소회의실에서 지난 해 지적재조사 사업지구로 지정된 초평면 연담은암1지구와 진천읍 지암2지구에 대한 경계결정위원회를 개최했다.  위원회는 초평면 연담리 73번지 일원 925필지(72만5673.6㎡)와 진천읍 지암리 445-1번지 일원 70필지(6만9804.6㎡)에 대해 ‘지적재조사에 관한 특별법’의 경계설정기준에 따라 심의를 마치고, 필지별 토지 경계를 결정했다.  군은 이에 따라 토지소유자와 이해관계인에게 경계 결정 통지서를 발송한다.  경계결정에 이의가 있는 토지소유자는 통지서를 받은 날로부터 60일 이내에 이의 신청서를 제출해야 한다.  자세한 사항은 군 민원과 지적재조사팀(☏043-539-3903)으로 문의하면 된다."
37,"'어쩌다 사장' 신승환, 점심 장사 셰프 등극…조인성 걱정",배우 신승환이 재치있는 입담으로 웃음을 안겼다.  25일 방송된 tvN ‘어쩌다 사장’에서는 새로운 알바생으로 신승환이 등장했다.  이날 신승환은 다음 날 바다로 떠나는 조인성을 대신해 점심 요리 장사를 맡았다. 신승환은 “짜장라면과 짜파구리를 잘한다”고 자신감을 보였고 차태현은 “하나씩 쓸모가 있다”고 만족한 표정을 지었다.  차태현은 박병은에게 전화를 걸어 내일 일정을 물었다. 그는 “가게에서 회를 팔 수 있느냐”고 물었지만 박병은은 “가자미는 회 뜨기가 쉽지 않다. 해본 적이 없다. 술 많이 취한 사람 주면 되지 않느냐”고 말해 웃음을 자아냈다.  신승환은 두 사람의 점심 장사 걱정에 여러 가지 메뉴를 추가하며 열의를 보였다. 이에 조인성은 “해봐라. 내일도 그 소리 나오나 보자. 내일 점심에 사람 진짜 많았으면 좋겠다”고 허탈한 표정을 지었다. 그러면서 신승환은 조인성에게 대게라면 레시피를 배우는 등 분주한 모습을 보여 기대감을 안겼다.  한편 방송과 동시에 ‘어쩌다 사장’ 촬영지에 관심이 쏠렸다. ‘어쩌다 사장’ 촬영지는 강원도 화천군 하남면에 위치한 ‘원천상회’로 알려졌다.
38,"예산군 광시면, 1분기 숨은자원모으기 행사 개최","충남 예산군 광시면남녀새마을지도자협의회와 광시면행정복지센터는 깨끗한 광시를 만들기 위해 지난 24일 광시면 다목적광장에서 숨은자원모으기 행사를 개최했다.  이번 행사는 새마을협의회 회원 50여명과 광시면 직원 10여명이 참여한 가운데 논밭, 하천변, 마을안길 등에 적치된 영농 폐비닐, 농약병, 플라스틱과 집집마다 사용하지 않는 고철, 폐지, 헌옷 등 총 20여t을 수거해 깨끗한 영농 환경을 조성하고 숨은 자원을 재활용하는 의미 있는 시간이 됐다.  김광열, 고부영 회장은 ""함부로 버려지는 쓰레기도 재활용하면 소중한 자원이 될 수 있음을 직접 느낄 수 있었던 소중한 시간이었다""며 ""앞으로도 숨은자원모으기 행사를 지속 추진해 깨끗한 광시면 만들기에 앞장서겠다""고 말했다.  이항재 광시면장은 ""이번 행사가 자원순환 의식 확산 및 면민 간 화합의 계기가 됐기를 바란다""며 ""앞으로도 깨끗하고 친환경적인 광시를 만들어 나갈 수 있도록 면민들의 많은 참여와 관심을 바란다""고 당부했다."
39,'일본뇌염 유행' 예측사업 본격 착수,"충남도 보건환경연구원(원장 최진하)은 일본뇌염 감염증에 선제적으로 대응하기 위해 오는 10월 말까지 '일본뇌염 예측사업'을 실시한다고 25일 밝혔다.  일본뇌염 예측사업은 원인 매개체인 작은빨간집모기(Culex tritaeniorhynchus)의 출현 및 발생 밀도를 감시하는 사업으로, 모기의 활동이 활발한 3∼10월에 집중 추진한다.  예측사업은 예산지역 축사 1개 지점에 유문등을 설치해 매주 두 차례에 걸쳐 채집한 모기 중 작은빨간집모기의 첫 출현과 발생 밀도를 조사하는 방식으로 진행한다.  또한 채집된 모기로부터 일본뇌염 바이러스에 대한 병원체 유전자 검사를 실시해 바이러스 감염여부를 확인할 예정이다.  조사 자료는 일본뇌염 '주의보' 및 '경보'를 발령하기 위한 기초자료로 활용하며 질병관리청 및 도와 시군에 제공한다.  한편 일본뇌염 주의보는 작은빨간집모기가 전국 최초 발견됐을 때 발령한다.  경보는 △일본뇌염 환자가 처음으로 발생한 경우 △주 2회 채집한 모기의 1일 평균 개체 수 중 작은빨간집모기가 500마리 이상이면서 전체 모기밀도의 50% 이상인 경우 △채집한 모기로부터 일본뇌염 바이러스가 분리되거나 유전자가 검출된 경우 중 한 가지 이상 해당하면 발령한다.  일본뇌염은 인수공통 바이러스성 감염병으로 주로 야간에 활동하는 작은빨간집모기에 의해 전파되며 사람, 말, 돼지, 가금류 등이 감염될 수 있다.  잠복기는 7∼14일로 감염자의 99% 이상은 무증상이지만, 일부는 발열 증상을 보이기도 하며 뇌염으로 진행될 경우 약 30%가 사망에 이르고, 회복하더라도 언어장애나 판단력 저하 등의 합병증이 남을 수 있다.  최근 3년간 전국에서 △2018년 17명 △2019명 34명 △2020년 7명의 일본뇌염 환자가 발생했다.  이 중 충남의 경우 2019년 4명으로 조사됐다.  도 보건환경연구원 관계자는 ""현재까지 일본뇌염에 대해 알려진 치료법은 없고, 예방 백신 접종과 모기에 물리지 않도록 개인위생을 철저히 지키는 것이 중요하다""며 ""매년 꾸준히 환자가 발생하고 있는 만큼 매개체 조사를 통해 발생 정보를 파악하고, 신속하게 전달할 것""이라고 말했다."
40,"예산군, 생활개선회 회원 대상 농작업보조구 보급","충남 예산군농업기술센터는 예산군생활개선회 회원 655명을 대상으로 농업 능률향상 및 농부증 예방을 위해 농작업보조구 보급사업을 추진해 회원들에게 큰 호응을 얻고 있다.  최근 농촌의 여성화 및 노령화로 여성농업인의 농업참여도는 매년 높아지고 있으나 정작 다수의 여성농업인들은 열악한 농업환경으로 인해 농부증에 시달리고 있다.  이에 농업기술센터는 생활개선회 회원들에게 △햇빛차단농작업모자 △쿨링매트보조의자 △찔림방지장갑 △토시 등 기본 농작업보조구를 지원하는 동시에 농작업 기본 보조구 착용 생활화의 중요성을 홍보하고 있다.  스티로폼과 공기가 통하는 쿨링 방수천을 이용해 제작된 쿨링매트보조의자는 쪼그려 앉는 밭 작업 시 의자처럼 앉아 밭일을 할 수 있어 회원들의 호응이 높다.  또한 햇빛차단농작업모자는 일반 모자와 달리 넓고 큰 챙이 달렸으며, 재질은 흡수와 통기성이 좋은 천을 사용했고 뒷가리개 탈ㆍ부착이 가능한 것이 특징으로 토시와 함께 직사광선을 막아줘 일사병 예방은 물론 햇볕에 피부가 검게 타는 것을 막아 조기노화를 방지하는 등 피부 관리와 건강유지에 도움이 될 전망이다.  아울러 찔링방지장갑은 농작업 시 뾰족한 것으로부터 찔림을 방지해 손을 보호하는데 기여할 것으로 기대를 모은다.  농업기술센터 관계자는 ""앞으로도 농작업보조구를 꾸준히 보급해 농업인의 건강증진 및 농업 생산성 향상에 기여할 수 있도록 노력하겠다""고 밝혔다."
41,"수도권 내륙선 국가철도망 반영, 연예계도 힘 보태","수도권 내륙선 철도의 4차 국가철도망계획 반영을 위해 연예계도 힘을 보태고 있다.  25일 충북 진천군에 따르면 (사)안중근의사 문화예술연합회(회장 이용일) 소속 일부 연예인이 수도권 내륙선 유치를 바라는 메시지가 담긴 피켓을 들고 찍은 사진을 개인 SNS에 게재하며 챌린지에 동참했다.  캠페인에 참여한 연예인은 △영화배우 이동준 △전 세계복싱평의회(WBC) 챔피언 장정구 △‘냉장고를 녹이는 남자, 뜨거운 남자’ 유행어의 박세민 등이다.  또 △개그맨 리마리오 △가수 위일청ㆍ박진도 △배우 김세연 △리포터 황운정 △전 권투선수 황충재 등이 참여했다.  ‘수도권 내륙선’은 경기도 동탄~안성~국가대표선수촌~충북혁신도시~청주국제공항을 잇는 총 연장 78.8km, 사업비 2조3000억원이 소요되는 노선이다."
42,어르신이 행복한 홍성 만들기 '온힘',"충남 홍성군이 노인들의 건강한 노후생활 보장과 안정적인 경제활동을 지원하기 위해 올해 53개 사업에 816억 원을 투입, 촘촘한 노인 복지망 구축에 나선다.  우선 군은 코로나19 장기화로 인한 돌봄 사각지대를 해소하기 위해 일상생활 서비스와 정기적으로 안부를 확인하는 노인맞춤돌봄서비스 사업을 추진한다. 돌봄서비스를 종합적이고 체계적으로 제공하기 위해 지난해부터 노인돌봄기본, 노인돌봄종합, 단기가사서비스 등 3개 사업을 통합했으며 사업수행기관도 3개 권역, 3개 기관으로 분담화해 내실을 기했다.  특히 군은 4차 산업 혁명에 발맞춰 돌봄서비스에 ICT기술을 접목한 비대면 돌봄 서비스를 제공하고 있다. 지난해 행안부 스마트지원사업 공모선정으로 ‘홍성형 스마트 맞춤돌봄시스템’을 구축, ICT기술을 접목한 센서박스와 스마트버튼을 통해 어르신들의 호흡 및 움직임 감지, 장보기, 택시 및 긴급 자녀호출 등 홀몸노인을 24시간 돌보고 있다. 또한 AI돌봄인형 ‘효돌이’로 노인들의 신체와 정서를 관리하며 치매 및 우울증 예방을 돕고 있다.  홀몸노인 및 중증장애인 1600여명을 대상으로 4억6000만원의 사업비를 투입해 독거노인 응급안전 안심서비스 사업을 시행한다. 화재, 가스 감지센서를 클라이언트 자택에 설치해 이상 신호 시 119로 연동시켜 사고를 미연에 예방하는 사업으로 군은 지역사회 응급안전망이 확충될 것으로 기대하고 있다.  노인들의 쉼터인 경로당 지원 사업에도 행정력을 집중한다. 지난해 냉장고, 에어컨, 안마기 등의 물품과 경로당 150개소 화장실에 안전시설을 설치하는 등 각종 개선사업을 통해 노인들을 위한 안전하고 쾌적한 환경을 조성하기 위해 노력하고 있다. 올해도 경로당 보수 및 기능보강 사업과 편의물품 보급을 통하여 노인들의 여가활동 증진을 위한 다양한 지원을 할 계획이다.  노인의 건강과 경제적 자립을 위한 노인일자리 창출을 위해 83억6000만원의 사업비를 투입한다. 군은 노인의 활기차고 건강한 노후생활 영위를 위해 올해 총45개 사업단을 운영해 총 2288명에게 일자리를 제공하고 있다. 지난해보다 14개 사업단과 약 200명의 일자리를 확대 제공한 것으로 군은 앞으로도 노인 사회활동 참여와 경제적 안정을 도모하기 위해 지속적으로 사회활동을 지원할 계획이다.  한편 군은 지난해 기초연금분야에서 보건복지부 '우수기관'기관표창을 수여받은 행정력을 바탕으로 올해에도 600억원의 기초연금 예산을 투입, 기초연금 사각지대를 해소하기 위해 기초연금 이력관리와 지급실태를 점검해 코로나19 상황에서도 기초연금 수혜자 확대를 추진하며 어르신들의 안정적인 노후소득보장체계 구축에 최선을 다할 계획이다.  이 밖에 저소득 재가노인식사 배달 및 무료경로식당 운영을 위해 2억원, 노인 목욕 및 이ㆍ미용 서비스 제공을 위해 4억원의 예산을 투입해 인생 100세 시대 노인들의 행복한 노후를 위해 서비스를 강화하고 있다."
43,"충주 청년농업인, 딸기 실습교육으로 '부농의 꿈'","충북 충주시농업기술센터가 청년농업인들에게 맞춤형 딸기재배 현장실습교육으로 부농의 꿈을 지원하고 있다.  센터는 소득작목시험장과 스마트농업교육장 첨단 유리온실(880㎡), 달천동 시설하우스 2동(1691㎡) 등을 청년농업인 전문 실습장으로 제공하고 있다고 25일 밝혔다.  이곳에서 효율적 청년농업인 육성 교육프로그램을 도입해 농업 혁신을 불러오기 위한 맞춤형 현장실습을 진행 중이다.  실습교육은 정윤필 소득작목팀장이 멘토로 나서 딸기 '설향' 양액재배법을 가르치고 있다. 딸기 선진지 벤치마킹과 선도농가 방문, 밴드를 활용한 온라인 정보 공유, 육묘ㆍ정식ㆍ적엽ㆍ적화ㆍ수확 등 딸기 재배의 모든 과정을 다룬다.  이론 교육을 마친 뒤에는 달천동 시설하우소에서 체계적 영농 실습을 통해 창업 성공률을 높이는 기회로 삼고 있다.  실습교육은 딸기 재배를 희망하는 만 40세 미만 청년 귀농 예정자를 대상으로 이뤄진다. 교육생에게는 월 80만원의 교육비가 주어지며, 소규모 창업자금 지원 등 창업 지원책도 마련돼 있다.  센터 관계자는 ""현장 실습교육이 젊고 건강한 농촌을 만드는 기틀이 될 것""이라며 ""청년농업인이 성공적으로 정착할 수 있게 수요자 중심의 맞춤형 전문교육과 현장실습을 병행 추진하겠다""고 말했다."
44,"당진시, 신규 창출 일자리 8000개 만든다","충남 당진시가 지속가능한 일자리 창출을 위해 '2021년 일자리대책 연차별 계획'을 수립해 시 홈페이지 및 고용노동부 지역고용정보 네트워크(www.reis.or.kr)에 공시했다고 25일 밝혔다.  '지역일자리 목표공시제'는 지역특성에 맞는 일자리 성과를 달성하고자 자치단체장이 임기 중 추진할 지역일자리 목표와 대책을 수립해 해당 지역 주민에게 공시하는 제도다.  시는 7개 분야, 15개 핵심과제를 추진해 일자리 8000개 창출, 고용률 70%를 목표로 계획을 수립했다.  세부계획으로는 △고용안정망 사각지대 취약계층 발굴ㆍ지원 △지역주도형 청년일자리 사업 다양화 △일자리종합지원센터 HUB 기능 강화 △당진형 사회적 경제 활성화 △신성장동력 산업 및 우량기업 유치 등이다.  특히 각계 산업현장의 의견수렴을 통한 '수요자 맞춤 전문산업인력 양성'을 위해 고용촉진훈련 전문협의체를 구성하고 운영함으로써 중장기 직업교육훈련 정책개발, 취업지원, 고용유지 등 다양한 대응책을 마련할 계획이다.  시 공역식 경제과장은 ""코로나19로 인한 경기침체를 극복하고 시민들에게 양질의 일자리, 안정적인 일자리를 제공하고자 최선을 다하겠다""고 말했다.  한편 당진시는 일자리 창출을 위해 노력해온 결과 7년 연속 '지방자치단체 일자리대상'에서 수상한바 있으며, 9년 연속 시 단위 고용률 2위라는 기록을 달성하고 있다."
45,"영동군정신건강복지센터, 청소년 자살예방교육 실시",충북 영동군 정신건강복지센터는 지역 청소년들을 대상으로 자살예방교육을 실시했다고 25일 밝혔다.  정신건강복지센터는 지난 24일 양산면 정수중학교를 시작으로 지역 16개 학교를 찾아가 자살예방교육을 실시한다.  청소년의 자살에 대한 잘못된 인식을 바로잡고 학교 내 올바른 생명존중 문화 조성을 위해 마련됐다.  센터는 지난 17일까지 군내 초중고등학생을 대상으로 실시하는 자살예방교육 희망학교를 신청 받았다.  정서적 발달이 활달하고 감정이 예민한 성장기에 자살자해 문제의 인식과 예방에 도움을 줄 수 있도록 꼼꼼하게 교육을 진행할 예정이다.  또 자살문제가 있는 친구를 발견하게 되었을 때 1차 예방자로서의 역할 수행이 무엇보다 중요하기에 지역 아동과 청소년을 대상으로 생명지킴이 양성교육도 지속적으로 실시할 계획이다.
46,"충북도 재산공개 대상 1~5억원 42.1%, 10억원 이상 27.1%","충북도공직자윤리위원회는 도지사와 시장, 군수, 도ㆍ시ㆍ군의회 의원, 충북개발공사 사장, 충북테크노파크 원장 등 134명에 대한 재산사항 신고내역을 25일 도보를 통해 공개했다.  도 재산공개대상자는 모두 181명으로 정부공직자윤리위원회 관할 47명, 충북도공직자윤리위원회 관할 134명이다.  재산등록의무자는 공직자윤리법 6조에 따라 매년 1월 1일~12월 31일까지의 재산변동사항을 다음해 2월 말일까지 신고해야 하고, 같은 법 10조에 따라 공개대상자가 된 경우에는 공개대상자가 된 날부터 2개월이 되는 날이 속하는 달의 말일까지 공개대상자가 된 날 현재의 재산을 다시 등록해야 한다.  공직자윤리위원회는 공직자윤리법 10조에 따라 공개대상자 신고내역을 신고기간 만료 후 1개월 이내에 공개해야 한다.  공개대상자에 대한 재산 신고내역은 충북도 누리집(www.chungbuk.go.kr) 전자도보에서 확인할 수 있다.  충북도공직자윤리위원회 관할 정기 재산변동사항 공개대상자 134명이 신고한 재산총액은 1117억4597만9000원이며, 가구당(배우자ㆍ직계 존ㆍ비속 포함) 신고재산 평균액은 8억4019만5000원으로 이는 종전 신고보다 2470만2000원이 증가한 것으로 나타났다.  재산 규모별로 보면 1~5억원의 재산을 보유한 경우가 42.1%(56명)로 가장 많은 비중을 차지하고 있고, 27.1%(36명)가 10억원 이상의 재산을 보유하는 것으로 나타났다.  공개대상자 134명 중 재산증가자는 94명으로 70.7%이고, 재산감소자는 39명으로 29.3%이다.  재산증가 주요 요인으로는 전년대비 부동산 공시가격 상승과 소득저축 증가 등으로 추정된다.  충북도공직자윤리위원회는 이번에 공개한 모든 공직자의 재산사항에 대해 올해 6월말까지 심사를 마무리할 예정이다.  재산심사 결과 등록대상재산을 거짓으로 기재하거나, 중대한 과실로 빠트리거나, 잘못 기재하거나, 직무상 알게 된 비밀을 이용해 재산상 이익을 취득한 사실이 인정되는 경우에는 공직자윤리법에 따라 경고ㆍ시정조치, 과태료 부과, 해임ㆍ징계의결요구 등의 조치를 취할 계획이다."
47,"서산시, 음식점 등 방역관리'고삐'죈다","충남 서산시가 코로나19의 산발적 발생이 지속되고 있어'위생분야 다중이용시설' 생활방역 관리 강화에 나선다고25일 밝혔다.  시는 최근 거리두기 완화 등으로 사람 간 접촉 증가에 따라 4월 중순까지 강도 높은 방역 점검을 실시키로 했다.  특히 집단감염 확산에 선제적으로 대응키 위해 관내 목욕탕 및 홀덤펍 유흥시설 등 고위험시설에 대해 서산경찰서와 심야 합동 점검도 실시한다.  주요 점검은 △출입자 명부 기재 관리 △종사자 마스크 착용 △적정 거리 유지 △5인 이상 사적모임 제한 여부 등 이다.  시설별 추가 수칙에 대한 현장 교육도 병행하며 중대한 방역수칙 위반 적발 시 과태료 및 집합금지 처분을 병과할 계획이다.  시는 지난해부터 '24시간 기동 대응반'을 하고 있으며 위반 업소에 과태료 부과(36건2200만원) 및 집합금지 처분 하는 등 방역에 만전을 기하고 있다.  김지범 시 정신보건위생과장은""식당 목욕탕 등 시민생활 밀착 시설에 대한 철저한 방역관리로 지역 내 감염병 확산 방지에 만전을 기하겠다.""라고 말했다"
48,"민식이법 1년 지난 후 
교통 안전 '크게 변화'","어린이 교통 안전 분야에 큰 경각심을 일으킨 '민식이법'이 시행된지 1년이 지났다.  전국 어린이보호구역(스쿨존)의 과속단속카메라 설치율은 6%에서 21%로 상승했고 스쿨존 어린이 교통사고는 전년대비 85%로 줄었다.  지난 2019년 충남 아산의 한 스쿨존에서 고(故) 김민식 군이 교통사고로 숨진 뒤 어린이 교통 안전을 강화하기 위해 '민식이법'이라고 명명한 '도로교통법'과 '특정범죄가중처벌등에관한법률 일부개정법률안'이 시행됐다.  법 시행 이후인 2020년 스쿨존 과속단속카메라 설치 비율이 급격히 증가했다.  법안 발의 전인 2019년까지 전국 스쿨존 1만6912개소에 설치된 과속단속카메라는 952개, 설치율은 6%에 불과했다.  법안 통과 이후인 2020년 한 해 동안만 과속단속카메라가 2602개가 더 설치됐다.  신호기 없는 어린이 보호구역도 감소했다.  2019년에는 1만6912개소 스쿨존에 13,765개 신호기가 설치돼 설치율이 81%였다.  2020년에는 모두 1만4990개 신호기가 설치돼 설치율이 89%까지 올라갔다.  법안을 발의한 더불어민주당 강훈식 국회의원(충남 아산을)은 ""운전자 여러분께서 불편함을 감수해 주신 덕분에 어린이 안전을 지키자는 인식이 강화됐고 안전 설비가 보강돼 기존의 말 뿐인 어린이 보호구역이 실질적인 어린이 보호구역으로 기능할 수 있게 됐다""고 전했다."
49,"금산교육지원청, 기초학습 지원을 위한 학습코칭단 ·다문화학습코칭단 11명 위촉","충남 금산교육지원청은 25일 기초학습이 필요한 학생들의 효율적 지원을 위해 금산학습종합클리닉센터 학습코칭단 7명, 다문화코칭단 4명에 대한 위촉장을 수여하고 역량강화 연수를 했다.  학습코칭단과 다문화학습코칭단은 올해 금산지역 초등학교 15개교, 중학교 4개교에서 70명을 대상으로 방과 후 학습동기 향상과 기초학력 증진 등 다양한 코칭 프로그램과 학습 관련 상담을 진행한다.  특히 올해는 지난해보다 20% 학생 신청 수가 많아져 학교 현장에서 긍정적인 반응을 나타냈다.  위촉식 후 열린 역량 강화 연수에는 수학 톡톡, 한글 찬찬 자료 등 충남교육청에서 개발한 자료를 안내하고, 아동학대, 성폭력예방 교육 등을 진행했다."
50,"대전 서구, 오비맥주(주) 대전지점서 성금 기탁","대전시 서구가 25일 청사 갑천누리실에서 오비맥주(주) 대전지점(본부장 최정욱)으로부터 이웃돕기 성금 100만원을 기탁받았다.  이날 기탁받은 성금은 사회복지공동모금회를 통해 서구 저소득주민을 위해 소중히 쓰일 예정이다.  최정욱 본부장은 ""계속되는 코로나19로 힘들어하는 저소득층에게 조금이라도 도움이 되고자 기부하게 됐다""며 ""앞으로도 지역사회의 복지 기여를 위해 앞장서겠다""고 말했다.  장종태 청장은 ""코로나19로 경제가 어려운 상황에서도 기업이 앞장서서 나눔을 실천해 줘 감사하다""고 말했다."
51,아산 ㈜에이티이엔지 바른충남기업 캠페인 동참,"충남적십자사(회장 유창기)가 아산시 음봉면에 위치한 ㈜에이티이엔지(대표 강현규)를 바른충남기업 234호로 선정하고 명패 전달과 함께 감사의 뜻을 전했다.  ㈜에이티이엔지는 반도체, 디스플레이 제조용 기계제조 등 업계에서는 전도유망한 기업으로 알려지고 있으며, 평소 지역 취약계층 지원 등 나눔활동에 함께해온 강현규 대표는 개인 명의 10만원 이상 정기후원 프로그램인 '씀씀이가 바른인'에도 동참했다.  유창기 회장은 ""어려운 시기에 지역 취약계층의 자립지원에 힘을 보태주신 강현규 대표님께 깊이 감사드린다.""면서 ""최근 코로나19로 어려움에 처한 가구가 많은데, 소중하게 사용하겠다.""고 소감을 밝혔다.  '바른충남기업 캠페인'은 기업 참여형 정기 후원 프로그램으로, 기업/단체가 매월 10만 원 이상 정기후원을 통해 경제적인 도움이 필요한 위기 가정을 지원하는 프로그램이다. 현재 도내 241개 기업이 위기가정의 자립을 위해 함께하고 있다."
52,"당진시, 공동체 어울림 사업 확대 시행","충남 당진시는 오는 31일 시청 대강당에서 '2021년 아파트공동체 어울림 사업' 설명회를 개최한다.  시는 50세대 이상의 연립주택, 다세대주택을 대상으로 시행했던 지난해와 달리 올해는 관내 모든 공동주택을 사업 대상 후보지로 확장하겠다고 밝혔다.  아파트공동체 어울림 사업은 올해 5년째를 맞이하며 시는 지난 4년간 아파트공동체 어울림 사업에 신청해 선정된 공동주택에 '헌 화분 가꾸기, 어울림 한마당, 단지 내 꽃길 조성' 등을 진행해 주민 화합의 장을 마련하고 공동체 의식을 키우고자 노력했다.  특히 송산대상아파트, 석문LH 천년나무3단지아파트에서는 코로나19로 인해 어려움을 겪는 취약계층을 위해 김장 및 음식 만들기 등을 통해 다양한 계층이 하나가 되는 계기를 만들기도 했다.  본 사업과 관련된 내용은 당진시 홈페이지 고시공고에서 확인할 수 있으며, 사업설명회 참석신청서는 오는 29일까지 공동체새마을과 FAX(☏041-350-3169) 또는 이메일(limsh0204@korea.kr)로 제출하면 되고, 이와 관련 자세한 사항은 공동체새마을과(☏041-350-3157)로 문의 가능하다.  안봉순 공동체새마을과장은 ""아파트공동체 어울림 사업은 사업설명회에 참석한 공동주택만 사업신청이 가능하다""며 ""공동주택 내 공동체의식 형성을 위해 많은 관심과 참여를 바란다""고 당부했다."
53,"영동군청 직장운동경기부 3개팀, 영동군민장학회에 장학금 300만원 기탁","충북 영동군청 직장운동경기부 육상(감독 황재현), 배드민턴(감독 나옥재), 씨름(감독 변영진) 등 3개팀이 25일 십시일반 정성으로 모은 300만원의 장학금을 영동군민장학회에 기탁했다.  이들은 지역사회의 일원으로서 군민들과 따뜻함을 나눌 여러 실천방안을 고민하다 지역인재양성과 지역발전에 핵심 역할을 하고 있는 영동군민장학회에 장학금을 기탁하며 어려움을 나누기로 했다.  이들은 기탁 후 “작지만 의미있는 나눔을 실천할 수 있어 보람을 느끼며 기탁된 장학금이 지역을 이끌 학생들에게 희망으로 전해지기를 바란다”며 “열정과 변화된 모습으로 군민들의 기대에 부응하겠다""고 말했다."
54,"단양군다문화가족지원센터·단양고, '업무협약'",충북 단양군 건강가정ㆍ다문화가족지원센터와 단양고등학교가 다문화와 일반인에 대한 이해와 상생발전을 위해 상호협력 업무협약을 가졌다.  지난 24일 양 기관은 △다문화 교육의 효율적 운영 △건강한 가정 △지역사회 발전 위한 이해 제고 △다문화 학생 교육 서비스 지원 △인식 개선을 위한 협력 사업 등을 공동 추진하기로 했다.  지역 인적자원 개발을 확산하기 위해 시설ㆍ인력 등을 활용한 전문 프로그램 운영을 통해 상호발전적인 관계를 지향하기로 약속했다.
55,"괴산군, 먹거리통합지원센터 본격 착공","충북 괴산군이 먹거리통합지원센터 건립을 통해 먹거리 선순환체계 구축에 박차를 가하고 있다.  군은 25일 현재 구축 중인 공공ㆍ학교급식의 종합컨트롤타워 역할을 할 먹거리통합지원센터가 본격 착공에 들어간다고 밝혔다.  군에 따르면 괴산대제산업단지 내에 조성될 이 센터는 지상 1층 연면적 752㎡ 규모로 올해 9월에 준공될 예정이며, 원ㆍ부재료 처리실(전처리ㆍ소분실), 피킹장, 냉장ㆍ냉동고, 사무실, 회의실 등 공공ㆍ학교급식의 물류기능을 수행할 수 있는 공간으로 조성된다.  특히 지역에서 생산된 농산물을 집하한 뒤 선별ㆍ포장해 관내 학교 및 공공기관, 기업체 등에 급식재료로 공급할 계획으로 지역 농산물 판로가 확보돼 지역 중ㆍ소농이 안심하고 영농에 종사하는 데 큰 도움이 될 것으로 기대된다.  또 학교 등의 수요처는 지역에서 생산되는 안전하고 품질 좋은 식재료를 쉽게 확보할 수 있는 기회도 갖게 된다.  센터 구축에는 총 사업비 20억원이 투입될 계획으로, 충북도와 괴산군이 각각 10억원의 예산을 투자한다.  군은 먹거리통합지원센터의 조기 안정화를 도모하기 위해 2021년 국비공모사업으로 선정된 공공급식 기획생산체계 구축사업을 통해 공공ㆍ학교급식 생산농가 정보 데이터베이스를 구축 중에 있으며, 민관 거버넌스에 기반을 둔 '공공급식지원센터 운영위원회'를 구성해 운영할 계획이다."
56,"보령시, 2022 보령해양머드박람회 연계사업 보고회 개최","충남 보령시는 25일 시청 중회의실에서 김동일 시장과 관계공무원 등이 참석한 가운데 2022 보령해양머드박람회 연계사업 추진상황 보고회를 가졌다고 밝혔다.  이번 보고회는 오는 2022년 7월 16일부터 8월 15일까지 대천해수욕장 일원에서 개최되는 정부승인 국제행사인 보령해양머드박람회를 앞두고 연계사업 및 추가 발굴 사업 등을 논의하기 위해 마련됐다.  시에 따르면 박람회 연계사업은 행정안전 15건, 도시환경 25건, 홍보지원 45건 등 모두 7개 분야에 130건으로, 약 711억 원의 사업비가 소요될 것으로 예상했다.  주요사업으로 △박람회 랜드마크 홍보시설물 설치 △2021 ASF CUP 국제요트대회 유치 △보령머드테마파크 조성 △ 2022 보령방문의 해 추진 등이 보고됐다.  또한 신규 사업으로는 △원산도 푸드존 운영 박람회 개최 기념 플래시몹 이벤트 △코로나19검역소 박람회 홍보관문 설치 △박람회 주차장 스마트 주차 시스템 구축 등이 보고됐다.  이밖에도 △범시민지원협의회 구성 운영 △박람회 관람객ㆍ시민 쉼터조성 △명품 가로숲 조성 △청결한 공중화장실 관리 △농특산품 판매장 운영 등 박람회 방문객 편의시설 마련에도 최선을 다해 나가기로 했다.  김동일 시장은 ""2022보령해양머드박람회가 앞으로 500일도 남지 않았다""며 ""다시 한번 관련사업을 꼼꼼히 챙겨 박람회 준비에 박차를 가해주기를 바란다""고 당부했다."
57,증강가상현실 속 디자인도 보호된다,"앞으로는 가상 키보드, 팔목에 표현되는 스마트 팔찌, 지능형 자동차 헤드라이트 등도 디자인으로 등록돼 보호받을 수 있게 된다.  특허청에 따르면 화상디자인의 보호를 위한 디자인보호법 개정안이 지난 24일 국회를 통과함으로써 디지털 기술을 활용해 창작한 지식재산권 보호의 새로운 전기가 마련됐다.  현행 디자인보호법에서는 물품에 표현된 디자인만 등록이 가능했고, 신기술을 활용해 외부 벽면이나 공간상에 투영돼 표현되는 화상디자인 자체는 권리로 보호받을 수 없었다.  최근 디지털 경제의 확산으로 가상현실(VR), 증강현실(AR) 등 신기술을 활용한 제품 출시가 점차 증가하면서 이러한 기술로 구현되는 디자인의 중요성 역시 높아지고 있으며, 산업 규모도 성장하는 추세이다.  이러한 상황에서 이번 법 개정은 우리 기업의 디지털 디자인 경쟁력을 강화하는 데 이바지할 뿐만 아니라 지식재산 분야에서 디지털 경제지원을 위한 최초의 법제화라는 점에서 그 의미가 매우 크다고 볼 수 있다.  개정법의 주요 내용은 화상디자인의 정의규정을 신설해 화상디자인 자체를 보호하고, 화상디자인의 온라인(on-line) 전송을 사용(실시)행위로 규정해 시장에서의 거래 등 오프라인(off-line)에서만 인정됐던 디자인의 사용개념을 인터넷상 제공으로까지 확대하는 것이다."
58,"중원대 평생교육원,제15기 최고경영자과정 입학식 개최","중원대학교 평생교육원(원장 유현승)은 지난 24일 대학 중강당에서 제15기 최고경영자과정 입학식을 개최했다고 밝혔다.  이번 최고경영자과정 입학식에는 코로나-19 방역수칙 준수 하에 최소인원으로 김두년 중원대 총장, 이차영 괴산군수, 신동운 괴산군의장, 유현승 평생교육원장, 이종진 총동문회장 및 주요 관계자분들이 참석해 지역을 대표하는 기업경영인, 농업경영인, 마을 이장, 농업 관련 기업체 대표, 공직자, 자영업자 등 다양한 분야의 지역발전에 관심이 많은 신입생들의 입학을 축하했다.  지난 24일을 시작으로 오는 12월 8일까지 1년 과정으로 매주 수요일 진행되며, 지역 맞춤형 역량 강화 교육으로 미래지향적인 경영전략과 자기개발 및 정보교류의 장을 제공하게 된다.  김두년 총장은 환영사에서 ""먼저 2021학년도 입학을 진심으로 축하드리며, 최고위 과정을 통해 지역 최고의 리더들이 새로운 지식과 정보를 접목시키고, 유익한 네트워크와 다양한 정보를 공유해 지역사회 발전은 물론 국가발전에 큰 역할을 해주시길 기대한다""고 말했다.  이어 유현승 평생교육원장은 ""이번 최고경영자과정은 창의적이고 능동적인 교육과정으로 경영분야 뿐만아니라 실생활에 필요한 수업, 명사특강 등 다양하고 유익한 과정의 운영을 통해 지역사회와 함께 발전하는 최고경영자과정이 되도록 최선을 다하겠다""고 말했다."
59,천안 차량등록사업소 민원 쉼터 조성,"충남 천안시 차량등록사업소는 민원실 안에 시민친화적인 민원 쉼터 공간을 조성했다.  차량등록사업소는 월 평균 민원처리건수가 6만8000건에 이를 정도로 민원인들의 이용이 많은 공간이다.  민원대기 시간이 길어지는 경우를 대비해 지루함을 느끼지 않고 쾌적하고 편안하게 쉴 수 있도록 약 250권의 도서를 비치하고 혈압계, 휴대폰 살균충전기 등을 설치했다고 25일 밝혔다.  새롭게 꾸면진 민원 쉼터는 청사를 방문하는 민원인들에게 딱딱한 관공서 이미지에서 탈피한 아늑한 느낌을 줄 수 있을 것으로 기대된다.  외에도 시민들이 조금 더 쉽고 편하게 행정서비스를 이용할 수 있도록 지난달부터 민원안내 자원봉사단을 운영하고 있다.  송종욱 소장은 “지난해 민원실을 더 넓게 리모델링한 것에 이어 쉼터 공간을 새롭게 정비했다”며 “앞으로도 방문 민원인들의 청사 이용 편의성 증대와 고객 만족도 제고를 위해 노력하겠다”고 말했다."
60,"국회, 재산공개대상자 재산 공개","국회공직자윤리위원회는 25일 공직자윤리법 10조에 따라 국회 소속 재산공개대상자인 국회의원 298인과 국회사무처, 국회도서관 및 국회예산정책처 1급 이상 공직자 37인에 대한 정기재산변동사항 신고내역을 공개했다.  공직자윤리법 6조에 따라 2020년 1월 1일부터 12월 31일까지(2020년 최초공개자인 경우 최초공개자가 된 날부터 12월 31일까지)의 재산변동사항을 2021년 3월 2일까지 신고해야 한다.  2021년 국회 소속 공개대상자의 재산신고액을 살펴보면 국회의원(298인)의 경우 신고총액이 500억원 이상인 2인(전봉민 의원, 박덕흠 의원)을 제외한 296인의 신고재산액 평균은 23억6136만원이다.  신고재산 총액기준 규모별로 살펴보면 신고액이 5억원 미만 43인(14.4%), 5억원 이상 10억 미만 66인(22.1%), 10억 이상 20억원미만 89인(29.9%), 20억원 이상 50억 미만 76인(25.5%), 50억원 이상 24인(8.1%)이다.  충북 지역구 국회의원들을 살펴보면 변재일 국회의원은 40억8991만원을, 도종환 국회의원은 20억6707만원을, 정정순 국회의원과 이장섭 국회의원은 각각 15억1645만원과 8억6819만원을 신고했다.  민주당 임호선 국회의원은 26억 722만원을, 국민의힘 엄태영 국회의원은 6억9270만원을 신고했다.  "
61,"'꼬꼬무2' 요도호 납치 사건, 최종 목적지는 북한? 하이재킹 목적은","‘요도호’ 납치 사건의 전말이 공개됐다.  25일 방송된 SBS ‘꼬리에 꼬리를 무는 그날 이야기 시즌2’에서는 사상 초유 ‘더블하이재킹 사건’이 전해졌다.  만우절을 하루 앞둔 1970년 3월 31일, 한국 공군 소속 관제사 채희석은 일본 비행기를 김포공항에 착륙시키라는 각하의 명령을 받는다. 채희석은 당시 28살로 미 연방항공국 관제사 면허를 취득한 우수 재원이었다.  이날 방송에는 방송 최초 51년 전 관제사 채희석의 증언이 전해졌다. 그는 당시를 떠올리며 “상황이 심각했다. 불빛이 전부 빨간불이다. 난리가 난거다. 그때는 중앙정보부장이라면 날아가던 새도 떨어뜨릴 때다”고 입을 열었다.  이어 “’당신이 근무 조장으로서 이 비행기를 김포공항에 내려야 해’라고 했다. 그 이야기를 듣고 하늘이 노랄 수밖에 없었다. 비행기는 내려야 되는데 정보는 하나도 없었다”고 회상했다.  당시 대한민국 공군은 전투기 2대를 출격하며 일촉즉발의 상황이 연출됐다. 당시 일본 여객기 ‘요도호’에는 승객과 승무원 138명이 탑승해 있었다.  사건의 시작은 보름 전, 도쿄 시내에서 일본 경찰 전체가 사활을 걸고 쫓던 인물 시오미타카야가 검거됐다. 일본 ‘적군파’의 리더인 그는 공산주의자를 신봉하는 반정부 폭력 시위대였다. 시오미타카야의 주머니에는 ‘H.J’가 적힌 메모가 발견됐고, 이는 하이재킹(Hi Jacking-항공기를 공중에서 불법으로 납치하는 행위)을 뜻했다.  요도호 하이재킹 리더는 27살 다미야로 이들은 여객기를 북한으로 운행할 것을 위협했다. 적군파의 목표는 무장봉기를 통한 전 세계 공산화로, 북한을 전초 기지로 만들기 위해 비행기를 납치한 것으로 알려져 충격을 안겼다."
62,"민·관·군·경 한자리, 비상관리 체계 구축 머리 맞대","대전시가 25일 시청 통합방위종합상황실에서 민ㆍ관ㆍ군ㆍ경 관계자들이 함께 논의하는 지방통합방위회의를 개최했다.  이번 회의에는 통합방위협의회 의장인 허태정 대전시장을 비롯한 권중순 시의회 의장, 설동호 대전시 교육감, 전성대 32보병사단장, 송정애 대전경찰청장, 5개 자치구 구청장을 비롯해 대전지역 기관장 60여 명이 참석했다.  대전시 통합방위회 위원 23명은 대면으로, 5개 자치구 통합위원들과 시설관리공단과는 통합방위 영상망으로 연결해 통합방위 회의가 동시에 진행됐다.  이날 회의에서는 농협중앙회 대전지역본부에서 '전시 대전농협의 임무와 역할'에 대한 소개와 국정원에서 '북한정세ㆍ신안보 위협', 32보병사단과 대전시는 '2020년도 통합방위 추진성과와 2021년 계획'을 보고했다.  특히 시는 통합방위 성과 보고에서 통합방위영상회의 시스템을 5개 기관에서 자치구, 둔산공동구, 교육청을 포함한 12개 기관으로 확대했다.  또 CCTV 영상정보를 군 지휘소와의 연동으로 실시간으로 모니터 할 수 있는 체계 구축과 올해의 주요 시책으로 '위협으로부터 안전한 도시 조성을 위해 4개 분야 세부 추진계획'을 보고했다.  이어 정부대전청사, 시설관리공단 등 6개 기관이 '사회기반체계를 활용한 정보공유체계 성과와 국가중요시설 안티 드론체계 구축 방안' 등 4개 주제에 관한 의견 제시로 통합방위위원들 간에 토의가 진행됐다.  허태정 대전시장은 ""올해의 통합방위 주요시책으로 비상시 대비 위기관리 네트워크 능력을 보장하고, 모든 공동체가 참여하는 협력적 비상관리 체계를 구축하는 데에 통합방위협의회가 그 중심적인 역할을 맡아 달라""고 당부했다."
63,"태안군, 신활력플러스 공모사업 준비'총력'","충남 태안군이'농촌 신활력플러스 공모사업'선정을 위한 준비에 박차를 가하고 있다.  군에 따르면 지난 24일 군청 소회의실에서 최군노 부군수를 비롯한 군 관계자 및 농업관련 생산자 단체, 지역 소비자단체, 마을기업, 사회적 경제조직 관계자, 대학 교수로 구성된 추진위원 등이모인 '농촌 신활력플러스 공모를 위한 연구용역 최종보고회'를 개최했다.  농림축산식품부에서 주관하는'농촌 신활력플러스 공모사업'은 올해 전국의 일반농산어촌 시군을 대상으로 17개소를 선정 4년 간 70억원(국비 49억, 지방비 21억)의 사업비가 지원된다.  군은 '태안의 건강한 먹거리와 가치를 텃밭에서 밥상까지 태안군 팜투테이블(Farm to Table) 체계 구축'이라는 비전과 '핵심인력발굴(사람)''태안군 로컬푸드 상품 경쟁력 강화(거점)''태안군 로컬푸드 소비대상 확대(시장)'라는 3대 목표로 가지고 공모사업에 적극 대응한다는 방침이다.  군은 '소농 영세농 조직화 및 생산 판매 역량강화''소농 영세농의 신규 상품 개발 및 판매를 지원하는 거점 조성''비대면 시대에 대응한 지역 내외 농산물 홍보 및 판매경로 발굴'이라는 3대 전략을 세웠다.  세부사업으로 △소농그룹 양성 및 조직화 △액션그룹 단계별 육성 및 조직화 △꽃다지 플랫폼 조성 △꽃다지 플랫폼 활성화 지원 △지역 내 로컬푸드 가치 홍보 △외부시장 판로 구축 사업을 준비 중이다.  군은 앞으로 5월말 예비계획서를 제출할 계획이며 6월 농림축산식품부의 계획서 검토 및 평가를 거쳐 9월경 최종 선정 여부가 확정될 예정이다.  군 관계자는 ""농산물을 생산하는 텃밭에서 농산물을 소비하는 식탁까지의 순환체계를 면밀히 살펴 생산자와 소비자가 모두 만족하는 모델 꼼꼼히 만들어 해당 공모사업에 선정될 수 있도록 철저히 준비해 나가겠다.""라고 말했다."
64,12개 도내 자연휴양림에 139억 투입…새 단장,"충남도가 안면도자연휴양림 등 12개 자연휴양림에 139억원을 투입, 새롭게 단장한다.  휴양림별 새단장은 늘어나는 산림휴양 수요에 대응하고, 코로나19로 지친 도민에 보다 쾌적한 휴양환경을 제공하기 위해 추진됐다.  구체적으로 낡은 시설에 대해 우선적으로 교체ㆍ수선하고, 숲속의 집 재단장, 장애인 등 사회적 약자 이용확대를 위한 시설을 보완한다.  또한 그동안 숙박객 및 이용객으로부터 불편사항으로 접수된 시설물을 중심으로 개선공사를 실시해 휴양환경을 개선할 계획이다.  이와 별개로 원산도 무장애 원산자연휴양림을 올해 착공해 내년 완공을 목표로 건설을 추진한다.  도는 원산도 자연휴양림을 바닷가와 연접한 얕은 구릉지에 조성해 숲과 바다를 동시에 조망할 수 있고, 사회적 교통약자도 이용에 불편함이 없도록 할 예정이다.  이상춘 도 산림자원과장은 ""코로나19로 스트레스를 산림휴양시설 이용으로 신체적 면역력 증가와 심리안정, 우울증 및 불안감 해소 등에 도움을 준다""며 ""다양한 산림휴양수요에 대응해 지속적으로 확충해 보다 많은 국민이 질 높은 산림복지 서비스를 받을 수 있도록 노력하겠다""고 말했다.  한편 공립자연휴양림은 사회적 약자를 배려해 우선예약 객실을 별도로 운영한다.  우선 예약 객실은 일반 예약과 달리 별도 예약기간으로 운영, 해당 휴양림에 문의하면 된다."
65,"한밭대 창의융합학과, 여성 대학원생 연구지원사업 선정","한밭대학교는 창의융합학과 석사과정 노은경씨가 한국여성과학기술인지원센터(WISET)에서 지원하는 '여대학원생 공학연구팀제 지원사업' 일반과정 연구팀에 선정됐다.  이 사업은 공학을 전공으로 하는 여자 대학원생의 리더십 함양과 우수 연구개발 인력양성을 목표로 한다. 올해는 전국에서 일반과정 30팀과 심화과정 70팀을 선발했다.  노은경씨는 같은 과 학부생인 심은선(4학년)ㆍ이송(3학년) 학생과 함께 선정됐다. 앞으로 건축, 금속ㆍ소재, 전기ㆍ전자ㆍ반도체, 화학공학 등 9가지 공학 분야의 전반적인 연구 주제를 다루게 된다.  연구팀의 연구주제는 '웨어러블 전자제품을 위한 강유전체 활용 융합형 반도체 메모리'로, 중ㆍ고등학생들과 팀을 이뤄 오는 4~10월까지 7개월 동안 공학연구 프로젝트를 수행할 계획이다."
66,논산시 잔류 폐농약병 안전하게 수거합니다,"충남 논산시가 농약으로 인한 환경오염과 안전사고를 예방하기 위해 2021년 잔류폐농약 수거처리사업을 추진, 농약병수거함 보급에 나선다.  시는 오는 4월 15개 읍ㆍ면ㆍ동을 대상으로 수거함 보급 수요조사를 실시하고, 6월부터 순차적으로 신청한 마을회관 인근에 농약병수거함 50개를 설치할 예정이다.  주민들이 지정된 수거함으로 폐농약병을 배출하도록 철저히 홍보,안내하고, 농번기 전후 집중 수거기간을 운영해 사업의 효율성을 제고할 계획이다.  배출된 폐농약병,봉투는 마을 이장의 책임 하에 관리되며, 종류에 따라 면사무소 또는 한국환경공단에서 수거, 보상금을 산정,지급한 뒤 환경자원화센터로 옮겨져 소각 처리된다.  시는 수거함에 방지턱을 설치해 폐농약이 유출되는 것을 막는 것은 물론 잠금장치를 이중으로 구축해 관리자 외의 접근을 철저히 차단하는 등 지속적인 안전확보와 유지관리에도 만전을 기울인다는 방침이다.  시 관계자는 “토양으로 무단 폐기되는 잔류농약은 환경오염을 일으키는 심각한 위험요소”라며 “적재적소에 수거함을 설치하고 이용 홍보 및 관리에 최선을 다해 농약사고 피해로부터 안전한 클린 농촌환경을 만들겠다”고 말했다."
67,청주 직지초 성희롱·성폭력 예방교육,"충북 청주 직지초는 25일 전문강사를 초빙해 교직원을 대상으로 성희롱ㆍ성폭력 예방교육을 실시했다.  학교에서의 건전한 성의식 함양과 성문화 풍토 조성을 위해 마련된 이번 교육은 성혜원 아인 성ㆍ인권 연구소 소장을 초빙해 이뤄졌다.  성 소장은 학교는 구성원들이 학생과 교직원으로 이원화돼 있어 다른 기관들에 비해 성관련 문제 사안이 다양하게 발생할 수 있음을 지적하고 학교에서의 성희롱, 성폭력 발생을 예방하기 위해서는 적극적이고 반복적인 교육이 중요함을 강조했다.  또 성관련 문제가 학교에서 발생했을 때는 이를 인지한 즉시 매뉴얼 절차에 따라 학교에서 대처해야 함을 강조하고 이 과정에서 가장 중요한 것은 가해자와 피해자에 대한 비밀을 지켜주면서 2차 피해가 발생하지 않도록 올바른 상담기법에 대한 교육도 제공했다."
68,"맹정호 서산시장, 가로림만 '해양정원 꿈'은 이루어진다","충남 서산시가 오는 6월 가로림만 해양정원 조성사업의 예비타당성조사 결과 발표를 앞두고 범 시민 관심을 당부하며 결과를 예의 주시하고 있다.  시에 따르면 지난해 코로나19로 예타가 잠시 중단됐다가 재개돼 가로림만을 자연과 사람, 바다와 생명이 공존하는 해양생태 힐링 공간으로 조성한다는 의지를 25일 재천명 했다.  가로림만 해양정원은 세계 5대 갯벌이자 국내 최초 최대 해양생물보호구역이다.  예타가 통과되면 159.85㎢ 규모에 사업비 2448억원을 투입해 가로림만 해양정원센터, 점박이물범 전시홍보관, 해양문화예술 섬, 가로림만 생태학교, 식도락 거리 등이 들어서게 된다.  시는 가로림만 해양정원이 조성되면 매년 400만 명의 생태관광객들이 서산시와 가로림만을 찾을 것으로 내다보고 있다.  맹 시장은 24일 자신의 SNS를 통해 '가로림만해양정원 예타통과 기원 챌린지'를 추진하고 범시민의 참여와 관심을 부탁했다.  맹정호 서산시장은 가로림만 해양정원에 관한 대국민 홍보와 당위성 피력에 총력을 기울이고 나섰다.  맹 시장은 ""가로림만 해양정원은 현재 비용대비 편익(B/C)을 조세재정연구원이 조사 중""이라며 ""해양정원 조성의 필요성 및 사업 취지에 대한 홍보 등 적극적인 대응이 필요하다""고 밝혔다.  가로림만 해양정원 조성사업은 맹정호 서산시장을 비롯한 양승조 충남도지사, 가세로 태안군수 등의 핵심공약사항으로 충남도민의 염원과도 같다.  시는 지난해 7월 충남도민들과 가로림만 해양정원 결의대회를 열고 예타 촉구 공동건의문을 채택하는 등 노력을 쏟고 있다.  11월은 정책 포럼 및 국회 정책토론회도 개최해 그 당위성을 피력했으며 올해 3월에는 EBS 펭TV와 연계해 가로림만을 홍보하는 등 적극 대응에 나서고 있다.  현재 가로림만 해양정원 예타결과는 오는 6월 말 마무리 될 예정이다.  맹정호 시장은 24일 열린 간부회의에서""가로림만 해양정원 조성을 위해 공무원들 먼저 관심을 갖고 적극적으로 대응해나가야 한다.""라고 당부했다."
69,"예산군, 응봉면 주령리 회전교차로 설치공사 착공","충남 예산군은 지난 3월 8일 지방도619호선과 예산일반산업단지 진입도로를 연결하는 응봉면 주령리 회전교차로 설치공사에 착공했다.  주령사거리 교차로는 자동차 과속과 특히 대형차량 통행이 많아 사고 위험성이 높은 곳이며, 군은 도비 2억5000만원, 군비 2억5000만원을 투입해 이달 초부터 본격적인 공사에 들어갔다.  주령교차로는 도로구조상 지방도와 예산산업단지 진입도로가 교차하는 곳으로 대형차량 통행이 많고 과속 등에 의한 교통위험이 큰 곳으로 교차로 시설 필요성이 꾸준히 제기돼 왔으며, 이번 사업비 투입을 통해 회전교차로를 설치하게 됐다.  군은 회전교차로 설치가 완공되면 도로환경이 개선돼 교통사고 예방은 물론 원활한 교통흐름으로 지역주민과 이용객들의 불편이 크게 해소될 것으로 전망하고 있다.  군 관계자는 ""응봉면 주령리 회전교차로 설치공사가 마무리되면 도로여건이 크게 개선돼 교통위험이 줄어들 것으로 기대된다""고 말했다."
70,가스안전공사 임해종 사장 가스보일러 제조시설 현장점검 실시,"한국가스안전공사는 25일 임해종 사장이 충남 천안시 동남구에 위치한 가스보일러 제조시설 한국미우라공업㈜를 방문, 사업장 전반에 걸쳐 가스ㆍ산업안전 점검을 실시했다고 밝혔다.  이번 현장점검은 가스보일러 제조시설과 사업장의 가스ㆍ산업 안전진단 차원에서 이뤄졌으며 CO중독사고에 대한 경각심을 공유하고 적극적인 홍보를 실시해 가스안전사고 예방에 만전을 기하기 위해 추진됐다.  가스사고 예방을 위해 직접 현장 확인에 나선 임 사장은 보일러 제조 및 검사공정 과정을 점검하고 특히 가스보일러 사고는 다른 사고에 비해 인명피해 위험이 높은 만큼 생산 및 검사 공정에 소홀함이 없는지 꼼꼼히 살펴보고 사고 발생 시 비상 대응 매뉴얼도 확인했다."
71,천안시 월평균 가구 소득 200만~300만원 비율 19.8%로 가장 높아,"충남 천안시 고소득 가구 비율이 충남도 평균에 비해 높고 소비ㆍ지출도 타 지역에 비해 상대적으로 높은 수준으로 나타났다.  25일 천안시와 충남 사회지표 보고서에 따르면 2020년 천안지역 월평균 가구 소득은 200만~300만원 비율이 19.8%로 가장 높고 월평균 소비ㆍ지출액은 100만~200만원 24.6%로 조사됐다.  월평균 소득의 구간별 비중은 50만원 미만은 6.0%, 50만~100만원 12.2%, 100만~200만원 14.6%, 200만~300만원 19.8%, 300만~400만원 17%, 400만~500만원 11.9%, 500만~600만원 7.1%, 600만~700만원 4.7%, 700만~800만원 3.4%, 800만원 이상 3.2%로 분석됐다.  월평균 소비ㆍ지출 비중은 50만원 미만은 5.9%, 50만~100만원 16.1%, 100만~200만원 24.6%, 200만~300만원 22.4%, 300만~400만원 15.9%, 400만~500만원 9.3%, 500만~600만원 3.0%, 600만~700만원 1.4%, 700만~800만원 0.8%, 800만원 이상 0.5%를 기록했다.  시는 특히 가구당 월평균 소득이 50만원 미만인 비율이 6.0%로 계룡시에 이어 두번째로 낮고 50만원 미만 소비ㆍ지출 비율도 5.9%로 충남 평균 16.7%보나 크게 낮은 수치를 보였다.  가구당 부채 여부 및 이유 비중은 우선 부채 여부에 대해 있다가 47.7%, 없다가 52.3%를 응답했으며 부채 이유에 대해서는 △주택 임차 및 구입 55.9% △사업 및 영농자금 19.6% △교육비ㆍ의료비를 제외한 기타 생활비 14.2% △재테크 3.9% △교육비 2.6% △의료비 1.0%△기타 2.9%순으로 나타났다.  부채를 가지고 있는 가구의 비율은 충남 평균 34.4% 보다 13.3%p, 주택 임차 및 구매도 충남도 평균 42.6% 보다 13.3%p 각각 높은 비율을 차지했다.  반면 사업 및 영농자금 비중은 충남도 평균 30.3% 보다 10.7%p 낮았으며 재테크 투자는 0.3%p, 교육비는 0.9%p, 의료비 2.0%p 낮게 분석됐다."
72,충북대 재직자 국비무료 교육생 모집,"충북대 공동훈련센터가 오는 30일까지 '분쟁사례로 알아본 특허의 이해' 재직자 국비무료 교육생을 모집한다.  이번 교육은 4차 산업혁명 시대에 지식과 정보가 핵심가치로 부상함에 따라 융ㆍ복합을 통해 나타날 새로운 매체, 기술 분야에 대한 중요성을 인지하고, 재직자의 직무능력 향상을 위해 마련됐다.  교육은 4월 1일부터 2일까지 진행된다.  이번 교육은 중소기업 기술력 향상 및 경쟁력 제고하고자 지역중심의 산업별 현장맞춤형 실무 교육으로 구성됐으며 교육내용은 △지식 재산 거래를 위한 전략수립 및 정보검색 방법을 습득 △국ㆍ내외 기업 경쟁사간 지식재산권 분쟁사례 소개 △선행기술조사 및 응용특허출원을 통한 공격적 특허 획득과 특허 방어 전략 훈련 △특허 분석 프로그램 활용 방법 훈련 등이다."
73,'2021 조치원봄꽃축제' 홈페이지서 먼저 만난다,"세종시 조치원읍이 지난 22일 조치원봄꽃축제 홈페이지를 정식 오픈하고 '2021 조치원봄꽃축제'의 시작을 알렸다.  이번 축제는 '우리동네 여기저기 꽃피었네'를 주제로 오는 4월 1~11일 온ㆍ오프라인으로 열린다.  특히 코로나19 확산 방지를 위해 사전예약제로 진행되는 오프라인 행사로는 조치원 내 도시재생공간을 포함한 12개의 다양한 공간에서 총 28개의 프로그램이 준비됐다.  세부 프로그램은 △꽃을 활용해 작품을 만들어보는 '봄꽃공방' △꽃을 주제로 그림을 그려보는 '봄꽃화방' △어쿠스틱밴드ㆍ마술ㆍ버블쇼 등 다양한 장르의 '봄꽃콘서트'가 준비돼있다.  또 △사연에 따라 1인을 위한 독립영화를 직접 큐레이팅해주는 '봄꽃영화(花)제'도 대표 프로그램 중 하나다.  오프라인 프로그램은 25일부터 사전신청을 받고, 프로그램 당 최대 참여인원을 10인으로 제한한다.  모든 행사 공간은 프로그램 전후 전문방역업체를 통해 철저히 방역한다. 참석자는 발열체크, 손 소독 및 방문자명부를 작성 후 행사에 참여하게 된다.  온라인 이벤트는 홈페이지를 통해 장소와 시간에 구애받지 않고 24시간 참여할 수 있다.  가장 대표적인 이벤트는 조치원의 지역문예지 '백수문학'과 연계해 펼쳐지는 '봄꽃필사챌린지'로, 문인들의 작품 중 봄꽃과 관련된 시(詩) 10선을 매일 따라 써보는 프로그램이다.  추첨을 통해 선정된 참가자들에게는 세종소상공인협동조합에서 만든 조치원 수제 복숭아청이 선물로 제공된다.  이외에도 온라인에서는 매일 5명을 추첨해 꽃다발을 선물하는 '봄꽃선물' 이벤트, 4월 생일자에게 전달하는 봄꽃케이크 등 전 국민을 대상으로 하는 다양한 이벤트가 전개된다.  조치원봄꽃축제의 세부 프로그램 안내와 참여를 위한 신청ㆍ접수는 홈페이지를 통해 가능하다.  임재공 조치원읍장은 ""올해 봄꽃 관련 축제의 첫 문을 여는 만큼 방역 수칙을 철저하게 준수한 가운데 안전한 축제가 될 수 있도록 노력할 것""이라며 ""온라인으로도 지친 시민들에게 위로와 감동을 줄 수 있는 축제를 준비하는데 만전을 다하겠다""고 말했다."
74,"'미스트롯2' 김다현, 아버지 김봉곤 반대에도 미용실행 '머리 싹둑'",가수 김다현이 미용실을 방문했다.  25일 방송된 TV조선 ‘미스트롯2 토크콘서트’에서는 ‘미’를 차지한 김다현의 일상이 전해졌다.  이날 김다현은 ‘미’ 트로피를 갖고 고향으로 금의환향했다. 김다현 언니들은 동생을 품에 안고 축하 인사를 건넸다.  그러면서 밥을 먹던 중 김다현은 “경연 준비를 하느라 바빠서 미용실을 못 갔다”고 입을 열었다. 이에 청학동 훈장 아버지 김봉곤은 “머리를 자른다는 거냐”고 깜짝 놀라는 모습을 보였다.  김다현은 “머리가 기니까 무섭고 머리를 감기가 힘들다”고 토로했다. 이에 김봉곤은 “아버지는 평생 긴 머리를 달고 다닌다”고 반대했지만 김다현은 “아버지는 상투하고 다니지 않느냐”고 맞섰다. 이어 김다현은 “제가 원래 염색도 하고 싶었는데 아버지 때문에 열심히 참았다”고 말해 김봉곤을 갈등하게 했다.  결국 김다현은 두 언니들과 미용실로 향했다. 머리를 자른 김다현은 “예쁘다”라며 미소를 숨기지 못했다.
75,"태안군, 공공미술프로젝트 '우리동네 미술'사업 순풍","충남 태안군은 25일 태안 공공미술프로젝트 '우리동네 미술' 사업이 군민들의 큰 관심을 끌고 있다고 밝혔다.  이날 군에 따르면 문화체육관광부와 충남도가 주최하고 태안군이 주관하는 '우리동네 미술'은 지역 예술가와 주민들이 직접 참여 스토리를 반영한 공공미술을 설치하는 사업이다.  우리동네 미술 사업으로 '주 조형물''섬 갤러리''가로수 전신주 꾸미기'가 진행되고 있으며 다음 달 말 최종 완공될 예정이다.  우선군청오거리 회전교차로 중앙교통섬에 설치되고 있는 주 조형물은 지역 대표 수산물인 '꽃게'와 태안의 미래 백년을 순항하기 위한 '돛'을 모티브로 주탑이 디자인됐으며 '신해양도시 태안'으로 힘차게 날아오르는 비상의 의지를 담은 갈매기와 동심을 나타냄과 동시에 화합과 치유를 상징하는 '종이배'등의 상징물이 더해질 계획이다.  이와 함께 군청오거리 회전교차로 인근 교통섬에는 8개 읍면의 학생과 주민들이 직접 만든 작품을 타일에 실사한 후 바닥에 깔아 '섬 갤러리'를 만들 예정으로, 조개껍질 모양의 의자도 함께 설치해 군민들의 휴식공간으로 조성한다는 방침이다.  태안읍 동백로 남면사거리에서 버스터미널 사거리 약 2km 구간에 태안의 풍부한 관광자원, 역사자원, 문화자원을 모티브로 한 각종 회화, 공예, 서예, 디자인 작품을 만들어 가로수와 전신주를 꾸미고 있다.  군 관계자는 ""주민참여형 공공미술프로그램 '우리동네 미술'사업을 통해 군민들께 예술 문화를 향유할 수 있는 기회를 드리고 코로나19로 큰 어려움을 겪고 있는 지역 예술인에게도 힘이 될 것으로 기대한다""라고 말했다."
76,"당진시, 백신면역을 위한 생활 속 방역수칙 안내","충남 당진시는 이번주부터 요양병원의 만 65세 이상 연령층을 대상으로 예방접종이 시행하고 있다고 25일 밝혔다.  정부의 2분기 시행계획에 따라 점차 예방접종 대상이 확대될 예정이지만 일일 평균 코로나19 확진자 수는 1주일간 400명대로 감소하지 않는 추세다.  이에 시는 정부 방침에 따라 코로나19 확진자 수의 정체국면이 확산세로 전환되지 않고 감소세로 나타날 수 있도록 방역수칙을 준수 및 감염에 취약한 환경에 주의해야함을 당부했다.  특히 전국적으로 날씨가 따뜻해지면서 각종 모임과 나들이를 하는 시민들이 늘어나 일상생활 속 감염을 통한 유행에 유의할 것을 당부했다.  시에 따르면 예방접종 이후 충분한 집단면역(백신면역)이 형성되기 위해서는 지인ㆍ가족 간 마스크 착용 대화 및 올바른 손 씻기는 필수며, 다중이용시설의 경우 주기적으로 창문을 열어 환기시키고 에어컨이나 히터의 사용을 자제해야 한다.  또 발열, 인후통 등의 증상 발현 시에는 당진시보건소 선별진료소를 방문해 검사받고, 검사결과가 음성으로 나올 때까지 자가 격리해야 한다.  시 감염병관리과 박윤희 팀장은 ""올해 11월 집단면역 형성을 목표로 국민의 85%가 백신접종을 하더라도 생활 속 방역수칙이 병행되지 않는다면 코로나19는 종식되기 어려우니 모두 동참해 달라""고 전했다."
77,"더드림도시농사꾼들협동조합 , 회인면행정복지센터에 라면 기탁","더드림도시농사꾼들협동조합은 지난 24일 회인면 행정복지센터를 방문해 관내 코로나19로 어려움을 겪고 있는 이웃들에게 전달해 달라며 라면 100박스를 기탁했다.  김경회 대표는""코로나19의 장기화로 어려움을 겪고 있는 주변 이웃들에게 작지만 보탬이 되길 바란다""고 말했다.  이날 기탁 받은 라면은 충북 사회복지공동모금회를 통해 관내 코로나19 등으로 어려움을 겪고 있는 저소득층 100가구에 전달될 예정이다.  한편 김경회 대표는 2016년 더드림도시농사꾼들협동조합을 설립해 농업 활성화를 위해 힘쓰고 있으며, 2017년 회인면으로 귀농해 대추 2000평을 경작하고 있다."
78,공주 '갑사 대웅전' 보물 지정…건축사적 가치 커,"충남 공주시는 충남을 대표하는 고찰 갑사의 주불전인 갑사 대웅전이 보물 2120호로 지정됐다고 25일 밝혔다.  이번에 문화재청은 충청남도 유형문화재인 '공주 갑사 대웅전'을 경북 의성 '대곡사 범종루', 전남 순천 '팔마비'와 함께 국가지정문화재 보물로 지정했다.  갑사 대웅전은 임진왜란 직후에 중건돼 여러 차례 중수를 거치면서 현재까지 이어져 온 불전으로 그 형식을 대체로 유지해온 것으로 17세기 건축으로서 갑사 대웅전은 정면이 5칸이면서 맞배지붕을 한 전환기 건축의 특징을 지닌 드문 사례로 남아 있으며, 이는 조선 후기의 건축적 경향을 제안하고 있다는 점에서 건축사적 가치가 높게 평가된다.  또 연혁과 유래를 알 수 있는 각종 기록과 유물이 잘 남아있고, 평면구성과 공포의 구성수법, 상부 가구와 닫집 등을 비교적 잘 간직하고 있는 등 보물로 지정될 만한 가치가 크다고 밝혔다.  한편 시는 지난해 갑사 대웅전의 소조석가여래삼존좌상ㆍ사보살입상 및 복장유물(보물 제2076호)과 복장전적(보물 제2077)이 보물로 지정된데 이어 건축물인 갑사 대웅전이 보물로 지정되면서 보물 24건을 비롯해 총 48건의 국가지정문화재를 보유하게 됐다."
79,"괴산군, 봄철 산림 내 불법행위 특별단속","충북 괴산군이 오는 4월 1일부터 5월 31일까지 산림 내에서 발생할 수 있는 여러 불법행위를 예방하기 위해 '봄철 산림 불법행위 특별단속'을 실시한다.  매년 산나물과 산약초에 대한 관심이 집중되는 봄철에는 상춘객,등산객 등 입산자 증가로 산림 내 임산물 불법 굴취ㆍ채취 행위가 성행하곤 한다.  군은 산림녹지과 직원들로 구성된 단속반을 편성해 산나물, 산약초, 희귀식물, 토석 등 임산물과 멸종위기종, 관상식물, 소나무 등 입목을 불법으로 굴취ㆍ채취하거나 훼손하는 행위를 철저히 단속한다는 계획이다.  또 입산통제구역의 무단 입산, 산불관련 행위금지사항 위반, 소나무류 불법 이동 및 반출, 백두대간보호지역 등 산림보호지역에서의 위반행위 등도 집중 단속할 예정이다.  군은 단속을 통해 위법사항이 적발될 경우 산지관리법, 산림보호법, 산림자원의 조성 및 관리에 관한 법률, 소나무재선충병 방제특별법, 백두대간 보호에 관한 법률 등 관련 법에 따라 엄중 처벌한다는 방침이다."
80,충북여성재단 '풀뿌리 여성 소모임' 사업 공모,"충북여성재단은 지역의 성평등 문화 확산 및 여성 활동가 발굴과 역량 강화를 위해 '충북 풀뿌리 여성 소모임' 지원 사업을 공모한다고 25일 밝혔다.  올해 '충북 젠더 네트워크 구축 및 활성화 지원 사업'의 일환인 이 사업은 지역의 여성들이 다양한 유기적 활동과 지역의 공공문제를 해결할 때 성인지적 관점을 가지고 협력 체계를 구축토록 하기 위해 마련됐다.  충북지역의 주요 정책 참여 인프라를 확대하고 지역의 여성 활동가를 양성하기 위한 이 사업을 재단은 지난 2018년부터 진행하고 있다.  충북에서 활동 중이거나 활동을 계획하고 있는 여성 소모임이면서 여성이 대표이고 여성 활동가가 3인 이상이면 신청 가능하다.  남성 활동가도 함께 활동할 수 있다.  공모 분야는 '여성인재 양성 사업', '일ㆍ생활 균형 가치 실현', '여성 권익 증진 및 양성평등 문화 확산 사업' 등이다.  신청은 오는 4월 12일까지 접수하고 선정된 소모임에는 300만원 이내의 지원금과 교육 및 컨설팅이 지원된다.  더 자세한 내용은 재단 홈페이지에서 확인할 수 있다."
81,"청주시, 선수단에 행정 조치 검토중","충북 청주시가 집단감염이 발생한 SK호크스 선수단의 역학조사 과정에서 방역 수칙 위반 사실을 확인하고 행정조치를 검토하고 있다.  25일 청주시에 따르면 SK호크스 선수단은 지난 18일 흥덕구 지역의 한 음식점과 당구장, 주점 등에서 7~13명 단위로 모임을 가져 방역 수칙을 위반했다.  또 증상 발현 후에도 즉시 검사를 받지 않는 등 안이하게 대응한 것으로 알려졌다.  시는 감염병 관리법에 따라 해당 사업장과 SK호크스 선수단을 상대로 고발 및 과태료 부과, 구상권 청구 등 행정조치를 검토하고 있다."
82,"이상천 시장, 수해피해 현장 '방문'","이상천 충북 제천시장은 지난 24일 작년 수해로 피해를 본 명지동 등 3곳의 영농 불편 대상지를 방문해 마을 주민들과 대화를 갖고 관련부서에 대책방안을 강구토록 지시했다.  각 수해 현장 주민들은 명지동 농로 파손 미 복구, 금성면 사곡리 소교량 유실, 흑석동 배수로 파손 및 농로유실 등으로 영농 철을 앞두고 농경지 진입에 불편이 있다고 건의했다.  시는 건의사항이 요구된 지역에 대해 영농기에 지장이 없도록 조치를 취하고 4월 영농기 시작 전까지 시급한 민원사항에 대해 긴급복구를 할 계획이다.  이상천 시장은 “방문한 현장 외에도 작년 수해피해를 입은 지역은 유사한 불편을 겪고 있을 것으로 판단 된다”며 “수시로 농민의 애로사항을 확인하고 복구사업을 적기 추진해 농민들이 불편을 겪지 않도록 만전을 기하라”고 당부했다.  시의 지난해 수해피해 복구사업은 429건에 1446억원이다."
83,"충북대, 지역 청년들 직업 찾아주기 나서","충북대학교가 지역 청년들의 일자리 찾아주기에 나서고 있다.  이 학교 대학일자리센터는 25일 청주시의 청년센터 '청년뜨락5959', 충북여성인력개발센터의 '청춘잡담'과 각각 청년 일자리 사업 상호 협력을 위한 업무 협약을 했다.  협약을 통해 센터는 청년뜨락5959ㆍ청춘잡담과 △지역 청년고용 정책 개발 관련 공동 연구 및 활동에 대한 정보 교류 △청년인재 맞춤형 일자리 발굴 업무 협력 △고용위기 대응 취업연계 교육 프로그램 개발 및 시행 관련 업무 협력 △청년고용 창출을 위한 워크숍, 세미나, 심포지엄, 교류회 등의 공동 개최 △기타 양 기관 간 공동협력 사업 발굴 및 추진 등에 협력하기로 했다.  지난 2019년 5월 9일 개소한 청년뜨락5959는 충북시민재단이 수탁 운영하며 청주시 청년들에게 다양한 지원을 하고 있다.  충북도와 행정안전부의 지원을 받아 같은 해 10월 25일 문을 연 청춘잡담은 청년여성들을 위한 다양한 취ㆍ창업 프로그램과 문화소통 프로그램을 기획ㆍ진행하고 있는, 지역 청년여성의 복합문화공간이다."
84,중기 스케일업에 2700억원 지원,"중소벤처기업부는 성장잠재력이 큰 혁신 중소기업의 스케일업에 필요한 대규모 자금 지원을 위해 25일부터 다음 달 14일까지 ‘2021년 1차 스케일업 금융’ 사업에 참여할 기업을 모집한다.  이러한 ‘스케일업 금융’은 성장잠재력은 있으나 자체 신용으로 회사채 발행이 어려운 중소기업이 직접 금융시장을 통해 자금을 조달할 수 있도록 지원하는 사업이다.  중기부는 ‘2019년부터 2020년까지 2년간 스케일업 금융을 통해 혁신성장 잠재력을 보유한 207개의 중소기업을 선정해 업체당 평균 34억원의 회사채 발행을 통해 7042억원의 회사채 발행을 지원했다.  올해 스케일업 금융은 디지털 뉴딜, 그린 뉴딜, 지역균형 뉴딜의 촉진을 위해 혁신성장 분야(디지털 뉴딜, 그린 뉴딜, 지역주력산업 등) 유망 중소기업을 대상으로 대규모 성장자금 지원을 통해 지속 가능한 일자리를 창출하고 4차 산업혁명의 선도적인 역할을 할 수 있도록 2700억원 규모를 투입해 집중 지원할 계획이다.  이번 스케일업 금융을 지원받는 중소기업은 회사채 발행시장에서 신뢰를 축적해 향후 자력으로 회사채를 발행할 수 있는 능력을 배양할 수 있고 스케일업 금융 지원기업 중 이미 외부 투자를 유치한 기업은 추가적인 자금을 회사채로 조달함으로써 지분투자(Equity Financing)와 함께 부채성 자금(Debt Financing)을 보완적으로 활용해 지속적인 성장자금 마련과 균형있는 재원 조달에 도움을 받을 수 있을 것으로 기대된다."
85,"충북도, 올해 '도랑 살리기'사업 선정","충북도는 한강ㆍ금강청 주관으로 실시한 '2021 도랑 살리기 사업'에서 9개 시ㆍ군 22개소가 선정돼 국비 5억6100만원을 확보했다고 25일 밝혔다.  전액 국비로 추진되는 도랑 살리기 사업은 수생태계 건강성을 복원ㆍ보전하는데 중점을 둬 추진하는 사업으로 마을 하천 정비, 정화활동, 실개천 정화식물 심기, 마을 청소, 정기적인 마을주민 환경교육 등을 추진한다.  올해는 한강수계 전체 사업비(7억1600만원)의 50%를 확보하고, 금강수계는 전체 사업비(3억6000만원)의 58%를 확보하는 성과를 이뤘다.  또 올해 확보한 사업 22개소 5억6100만원은 지난해 대비 사업예산은 45.7%, 사업장은 57% 증가한 수치다.  수계별로 보면 한강수계 11개소(충주시 3ㆍ괴산군 4ㆍ음성군 3ㆍ단양군 1곳)가 선정됐으며, 금강수계 11개소(보은군 3ㆍ옥천군 2ㆍ영동군 2ㆍ증평군 2ㆍ음성군 2곳)가 선정됐다.  도는 조기에 사업을 착수하고 분기별 수질 모니터링, 중간 점검, 주민만족도 조사 등을 통해 개선 효과를 분석하고 사업 실효성을 높일 계획이다.  도랑 살리기 사업은 2012년부터 환경부 시범사업으로 시작됐으며, 충북도는 2012년 증평군 남차천이 최초 선정되면서 올해까지 10년 연속으로 사업을 추진하고 있다."
86,"유성구의회 이금선 의장, ""부모들이 안심하고 맡길 수 있는 보육환경 조성"" 노력","대전시 유성구의회 이금선 의장(전민동, 구즉동, 관평동)이 25일, 구의회 2층 접견실에서 유성구 민간어린이집연합회로부터 감사패를 받았다.  유성구 민간어린이집연합회 고연천 회장은 ""이 의장은 평소 보육현장에서 근무하는 보육교직원들의 힘든 상황을 누구보다 잘 알고 격려해 왔으며, 영유아 보육정책 발전을 위해 앞장서 왔다""면서 감사패 전달의 의미를 설명했다.  이금선 의장은 ""초저출산 시대에 아이들이 안전하고 행복하게 자랄 수 있는 환경을 만드는 것은 물론 그에 따른 제도적 뒷받침이 선행돼야 한다""며 ""코로나시대를 맞아 아이들의 건강을 최우선 과제로 삼고 부모들이 안심하고 맡길 수 있는 보육환경 조성을 위해 더욱 노력하겠다""고 소감을 밝혔다."
87,"충북도, 나무심기 행사 개최","충북도는 25일 괴산군 장연면 방곡리 산49-4 도유림에서 산림의 중요성을 알리기 위해 '탄소흡수원 확대를 위한 2021년 나무심기' 행사를 가졌다.  이날 탄소흡수 능력과 환경 적응력이 우수하다고 알려진 백합나무 400그루를 비롯해 낙엽송 500그루 산벚나무 40그루 등 940그루의 나무를 심었다.  이번 행사는 코로나19 장기화에 따른 지역사회 감염 예방을 위해 대규모 행사 대신 도 환경산림국 직원 50명이 참여하는 소규모 행사로 진행됐다.  올해 도는 양질의 목재를 지속적으로 생산ㆍ공급하기 위한 경제림 2159㏊와 생활권 주변 경관조성을 위한 공익조림 125㏊, 산림재해 방지를 위한 조림 18㏊를 조성한다."
88,온양원도심 창구대장간 아산 여성 기록전시관으로 거듭나,"충남 아산시는 온양원도심 여성친화형 도시재생뉴딜사업 일환으로 26일부터 4월 3일까지 창구대장간(아산시 시민로405번길 11)에서 아산 여성 기록전시회를 개최한다.  이번 전시회에는 아산시가 온양원도심과 장미마을에 대한 여성들의 기억을 기록하기 위해 추진한 기록활동가 양성 교육의 결과물이 전시된다.  전시내용은 △온양 원도심이야기 △아산 여성, 기록하다 △기록에 담지 못한 이야기 △삭제된 도시의 역사와 여성인권 △장미마을과 민관거버넌스 역사 △미래를 향한 기록들의 구성 등이다.  아산 여성이 참여해 도시의 역사와 여성의 삶을 기록한 이번 전시회가 '따스하게 일렁이듯, 아카이브W'라는 뜻으로 아산 대표 자원인 온양온천을 이미지화한 AWA(Asan Woman’s Archives: 아산 여성 기록관)의 활성화와 양성평등거리의 여성인권 라키비움(Larchiveum:Library(도서관), Archives(기록관), Museum(박물관)의 합성어) 조성의 초석이 될 것으로 기대된다.  시 관계자는 ""이번 전시회가 온양원도심 활성화에 기여하고 시민들에게 원도심을 알릴 수 있는 기회가 될 것으로 기대한다""고 말했다.  한편 시는 아산의 마지막 대장간이었던 창구대장간을 시민들이 다양한 예술문화활동을 펼칠 수 있는 공간으로 조성해나갈 계획이다."
89,"당진시, '지역통계 아이디어 공모전' 기관부문 우수상","충남 당진시는 충청지방통계청 주관으로 진행된 '지역통계 아이디어 공모전'에서 '소상공인 맞춤형 지원을 위한 업종ㆍ매출액 통계 분석' 주제를 제안해 지난 22일 기관부문 우수상을 수상했다고 25일 밝혔다.  이번 공모전은 우리 지역에 필요한 통계를 제안할 수 있는 기회의 장을 마련해 데이터 기반 의사결정 문화를 확산하고, 통계 수요자의 의견을 반영한 맞춤형 통계 서비스를 개발하기 위해 추진됐다.  시에 따르면 소상공인은 지역경제의 근간을 이루는 주요한 업종으로 자영업자의 비중이 큰 동시에 코로나19로 인해 급격한 매출액 감소를 겪은 업종이므로, 통계 분석을 통해 지역경제 활성화를 위한 기초자료로 제공된다는 측면에서 좋은 평가를 받았다.  박훈 지속가능발전담당관은 ""올해에는 통계 작성을 위한 아이디어 제공을 넘어 지역 실정에 맞는 여성ㆍ청년 등 전문적인 지역통계를 개발해 시정에 적극 활용될 수 있도록 노력하겠다""고 전했다."
90,"조길형 충주시장 ""발로 뛰는 행정으로 시민 목소리 경청""","조길형 충북 충주시장이 25일 지역 현안의 올바른 해답을 찾기 위해 발로 뛰는 행정을 주문했다.  조 시장은 이날 정책토론 영상회의에서 ""지역사회 이슈와 변화를 제때 파악해야 한다""며 ""직접 발로 뛰며 눈으로 보고 시민 목소리를 경청하는 현장 행정으로 불편사항 해소에 노력해 달라""고 밝혔다.  그는 ""지역 내 부동산 투기 세력, 사행성 도박장 등 문제를 유발할 수 있는 사례와 관련 사항을 신속히 파악하고 유관기관 공조 강화로 문제를 해소하라""고 지시했다.  또 ""최근 음성 LNG발전소 건립이 추진되면서 송전선로 설치가 예상되는 마을 주민의 불안감이 커지고 있다""며 ""주민 의견이 제대로 반영될 수 있는 공개ㆍ공식적 구조로 운영되고 있는지 확인하고, 지역의 입장을 확실하게 반영해야 한다""고 강조했다.  이어 ""산업단지 추진과정에서 보완을 필요로 하는 부분이 생겨 반려되는 경우도 있지만, 이는 기반이 탄탄한 산단을 완벽하게 준비하기 위한 정상적 과정""이라며 ""차질없이 추진되고 있다는 점을 잘 알려 시민들께서 일상에 전념할 수 있도록 해 달라""고도 했다.  조 시장은 ""75세 이상 노인분들의 화이자 백신 접종을 위한 동의서 작성에 적극적으로 협력해 감사함을 느낀다""며 ""원활한 접종으로 시민 안전을 지킬 수 있도록 마지막까지 최선을 다할 것""이라고 말했다."
91,"특허청, 영업비밀 유출 피해기업 돕는다","올해부터 영업비밀 유출 피해 중소기업이 영업비밀 유출 증거를 손쉽게 확보할 수 있도록 스마트폰, PC 등 정보기기에 대한 디지털 포렌식 사업이 신규로 추진된다.  특허청에 따르면 영업비밀 소송 판결문 분석결과 소송의 75% 이상에서 이메일이 중요 증거로 활용되는 등 디지털 증거가 실제 재판에서 영업비밀 침해 입증에 결정적인 역할을 하고 있다.  그러나 중소기업은 영업비밀 유출 피해를 당해도 전문인력과 장비가 없어 소송에 필요한 증거를 자체적으로 확보하는데 상당한 어려움을 겪고 있다. 디지털 기기에서 유출 증거를 찾기 위해서는 첨단 포렌식 장비와 이를 운용할 수 있는 전문가가 반드시 필요하기 때문이다.  특허청은 올해부터 영업비밀 유출 피해기업의 모바일 기기, 업무용 PC, 저장매체 등에 대해 디지털 포렌식을 실시할 수 있도록 영업비밀보호센터(한국지식재산보호원 소속)에 전문인력을 채용하고 첨단장비를 도입했다.  영업비밀 유출 증거를 확보했다 하더라도 평소 영업비밀로 관리했다는 ‘비밀 관리성’ 요건을 충족해야 법적으로 디지털 포렌식 분석결과, 추가적인 법적대응이 필요한 경우 ‘영업비밀 유출분쟁 법률자문’도 제공하고, 아울러 서울특별시, 경기도, 인천광역시의 ‘지식재산 심판소송 비용 지원 사업’과의 연계도 추진한다.  특허청 정연우 산업재산보호협력국장은 “올해 새롭게 추진하는 디지털 포렌식 지원이 영업비밀 유출ㅠ증거 확보에 어려움을 겪고 있는 우리ㅠ기업에게 큰 도움이 되길 바란다”며 “영업비밀로 보호받기 위해서는 평소 영업비밀 관리가 중요하므로, 개별기업에 대한 영업비밀 관리체계 진단과 맞춤형 컨설팅도 적극 지원하겠다”고 강조했다."
92,내수중 삼봉문학상 작품 공모전 개최,"충북 청주 내수중이 1회 삼봉문학상 작품 공모전을 연다.  창의적 인재 양성에 기여하고 미래 한국문학을 이끌어나갈 문학 영재를 발굴하고 학생들의 문학적 소양을 기르기 위해 마련된 것으로 오는 5월 31일까지 실시한다.  시(시조), 수필, 소설, 만화 등 4개 부문에 걸쳐 실시되는 이번 대회를 통해 내수중운 문예 자질이 뛰어난 학생들에게 문예창작지원금을 지원하고 우수작으로 선발된 작품은 학생 작품집 '책꿈모아(가칭)'에 실어 학생들이 문학에 대한 꿈을 키우고 이어나갈 수 있도록 장려할 계획이다.  내수중은 그동안 '책으로 여는 세상', '책으로 소통하는 북콘서트', '책으로 만나는 세상(작가 초청 강연회)', '독서樂 어울림 한마당', '독서 논술 한마당', '한 학기 한 권 책 읽기' 등 다양한 독서 프로그램을 꾸준히 운영해 왔다.  더 나아가 학생들의 자율적인 책 읽기를 응원하고 내수중의 학생들이 창작의 꽃을 피울 수 있도록 다양한 프로그램을 운영할 예정이다.  문예창작반 '책꿈모아', 독서동아리 '산책' 등 인문 동아리 활성화를 통해 학생들의 소통 ㆍ 공감 능력을 신장시키고, 다양한 인문독서 체험활동을 확대할 계획이다. 3학년을 대상으로 교육과정과 연계해 1학년 때 관람했던 연극 '내일은 내일에게'를 쓴 김선영 작가를 초청해 작가의 청소년 시기를 중심으로 작가가 되기까지의 과정을 나누며 청소년들이 미래의 '나'를 위해 무엇을 준비할지 생각해 보는 시간을 가질 계획이다.  예종희 교장은 ""1회 삼봉문학상 작품 공모전을 통해 책을 사랑하고 문학을 사랑하는 기회가 되기를 바란다""며 ""학생 스스로가 만들어가는 문학축제로 거듭나기를 바란다""고 말했다.  "
93,"김현묵 데코리아제과㈜ 대표, 목원대에 장학금 500만원 쾌척","목원대학교가 데코리아제과㈜ 김현묵 대표로부터 장학금 500만원을 전달받았다.  김 대표는 지난 2017년 목원대에 장학금 5000만원 기탁을 약정하고, 이후로 매년 500만원씩을 기부해오고 있다.  충남 아산시에 있는 데코리아제과는 2002년 '보는 기쁨, 먹는 즐거움'을 목표로 탄생한 제과 기업으로, 수제 장식 젤리ㆍ초콜릿 400여 종을 생산해 국내는 물론 미국, 캐나다, 독일 등 24개국에 수출하고 있다.  데코리아제과는 산업통상자원부의 '2013 자유무역협정(FTA) 활용 우수사례 경진대회'에서 기업부문 대상을 수상하기도 했다. 당시 FTA로 인한 가격경쟁력을 마케팅에 적극적으로 활용해 미국과 유럽연합(EU) 양대 수출시장을 개척했다."
94,"예산군, 코로나19 확산방지 위한 기업체 방역실태 점검","충남 예산군은 지난 15일부터 코로나19 확산방지를 위해 기업체의 방역 실태를 점검하고 있다.  군은 최근 인근지역 사업장에서 코로나19 확진자가 지속 발생함에 따라 관내 기업체를 방문해 방역수칙 준수여부 및 기숙사 관리 실태 등을 확인했다.  특히 군은 지속적인 현장점검 실시와 함께 작업 중 마스크 착용, 주기적 실내 환기, 사적모임 및 약속자제 등 사업장 방역수칙을 적극 홍보할 계획이다.  또한 예산군보건소는 지난 24일부터 외국인근로자를 대상으로 코로나19 2차 전수검사를 실시하고 있으며, 해당 기업체에도 전수검사를 받을 수 있도록 안내해 오는 31일까지 선별진료소 또는 출장을 통한 진단 전수검사를 추진한다.  군 관계자는 ""외국인근로자 코로나19 확진 등 집단감염 사례가 지속적으로 발생하는 만큼 앞으로도 모든 사업장에서는 방역지침을 철저히 준수해주시길 바란다""고 당부했다."
95,"충남 금산국제인삼약초연구소, 식품 등 시험·검사기관 재지정","충남 금산국제인삼약초연구소가 24일 식품의약품안전처로부터 식품 등 시험ㆍ검사기관으로 재지정됐다.  연구소는 국가공인 검사기관(식품 등 시험검사기관, 안전성검사기관)으로써 지난 2014년 처음 지정을 받고 2018년 재지정된 후 올해 2회 연속 재지정 됐다.  이에 따라 금산국제인삼약초연구소는 오는 2024년 3월까지 3년간 검사기관의 자격이 유지된다.  연구소는 현재 600여 개의 인삼ㆍ홍삼 업체의 품질관리, 성분분석, 안전성 분석, 식품안전관리인증(HACCP) 검사와 800여 GAP 인증 농가의 안전성 검사 등 원료부터 최종가공제품까지 원스톱 서비스를 지원하고 있다.  아울러 식품 제조ㆍ가공업소 및 즉석 판매 제조ㆍ가공업소에서 제조ㆍ가공하는 식품에 대한 법적 의무를 지는 △자가품질검사 △영양성분 표기ㆍ표시검사 △식품 위해 요소 사전 예방을 위한 식품안전관리인증(HACCP) △건강기능식품 품목 제조ㆍ가공검사 등이 가능해 군내 식품가공업체의 품질관리에 도움이 될 전망이다.  지역식품표준화지원시스템 구축사업의 일환으로 지역식품품질관리체계도 구축해 식품안전관리인증(HACCP) 기본교육, 식품안전관리인증(HACCP) 인증 컨설팅 지원, 식품위생검사, 해외 농ㆍ식품 규격인증 지원 및 해외 제품등록 등 지원도 이어갈 방침이다.  장영부 연구소 검사인증부장은 ""이번 검사기관 재지정으로 군수품질인증제(G마크) 및 금산 관내 인삼ㆍ홍삼 제품과 가공식품 등에 대한 소비자 신뢰도가 한층 더 높일 수 있게 됐다""고 말했다."
96,"군 당국, 북한 발사체 '탄도미사일' 판단 보류…""분석 필요""","국방부는 25일 오전 북한이 함경남도 일대에서 쏜 발사체 2발과 관련, '탄도미사일' 여부에 대한 판단을 일단 보류했다.  부승찬 국방부 대변인은 이날 정례브리핑에서 북한의 발사체 관련 국방부 평가를 묻는 말에 ""준비 중""이라며 ""최대한 사실에 가깝게 분석이 필요한 부분이 있다""고 답했다.  부 대변인은 '탄도미사일 판단을 보류하는 것이냐'는 질의에도 ""제원에 대해서 분석하고 있기 때문에 아직까지는 '탄도미사일이다', '제원이 어떻게 된다, 종류가 어떻게 된다' 등 말씀드리는 것은 적절치 않아 보인다""고 답했다. 판단을 사실상 보류한 것이다.  발사체의 시간대를 비롯해 사거리와 고도 등 기본적인 사실관계에 대해서도 분석 중이라며 밝히지 않았다.  국방부 차원 입장도 따로 내지 않았다.  부 대변인은 국방부 입장을 묻는 말에 ""NSC가 지금 개최되고 있는 것으로 알고 있고 그 결과를 좀 지켜볼 필요가 있다""고 답을 대신했다.  앞서 합동참모본부는 이날 오전 북한이 함경남도 일대에서 동해상으로 '미상 발사체' 2발을 발사했다고만 밝혔다.  이와 관련 일본 정부는 북한의 발사체 2발이 탄도미사일이라고 규정했으며, 유엔 안전보장이사회(안보리) 결의 위반이라는 입장도 이미 밝힌 바 있다.  교도통신에 따르면 스가 요시히데(菅義偉) 일본 총리는 이날 국가안전보장회의(NSC)가 끝난 뒤 총리관저에서 기자단에 ""조금 전 북한이 탄도미사일 2발을 발사했다""며 북한의 발사체를 탄도미사일로 단정했다.  스가 총리는 북한의 탄도미사일 발사는 작년 3월 29일 이후 처음이라며 유엔 안보리 결의 위반이라고 밝혔다."
97,시민독서운동 책읽는청주 대표도서 선정,"충북 청주시는 올해 시민독서운동인 24회 책읽는청주의 대표도서를 선정했다고 25일 밝혔다.  책읽는청주 추진위원회를 통해 최종 선정된 도서는 △일반 부문 '일곱 해의 마지막' △청소년 부문 '세계를 건너 너에게 갈게' △아동 부문 '소리 질러, 운동장'이다.  김연수 작가의 '일곱 해의 마지막'은 청춘, 사랑, 역사, 개인이라는 그간 김연수 소설의 핵심 키워드를 모두 아우르는 작품이다.  한국전쟁 이후 급격히 변한 세상 앞에 선 시인 '기행'의 삶을 통해 문학에 대한 관심을 높일 수 있는 작품이란 평을 받았다.  이꽃님 작가의 '세계를 건너 너에게 갈게'는 서로 다른 시간을 살아가는 두 은유가 편지를 주고받으면서 벌어지는 이야기다.  소중한 사람과의 인연을 다시 생각하게 하는 감동이 있다는 평가다.  진형민 작가의 '소리 질러, 운동장'은 어린 아이들의 밝고 순수한 모습으로 우리 사회의 모순을 슬기롭게 헤쳐가는, 의미 있는 작품이란 점에서 뽑혔다.  시는 지난 2월 17일 개최한 1차 추진위원회에서 후보에 오른 15권에 대해 같은 달 23일부터 지난 15일까지 온라인 투표와 현장 투표로 시민 의견을 수렴, 지난 24일 2차 추진위 심의를 거쳐 최종 대표도서를 골랐다."
98,"""감염병 대비 국가적 역량 확보해야""","권준욱 국립보건연구원장이 감염병 분야에 국가적인 R&D 투자가 필요하다고 강조했다.  질병관리청 국립보건연구원은 25일 여의도 글래드호텔에서 '포스트 코로나 대비 감염병 R&D 새로운 도약'을 주제로 8회 감염병연구포럼을 개최했다고 밝혔다.  이 자리에서 권준욱 원장은 ""코로나19 예방접종이 진행되고 있으나 여전히 변이 바이러스 등 장기화 및 재확산의 위험요소가 있어 장기적으로 신변종 감염병에 대비할 수 있는 국가차원의 연구역량을 확보해야 한다""며 ""국산 치료제ㆍ백신 개발 '끝까지 지원'을 목표로 범정부적 역량을 함께 모으겠다""고 말했다.  올해로 8회째를 맞이한 감염병연구포럼은 범부처 감염병 대응 연구개발 추진위원회(위원장 정은경 질병관리청장)가 주최하고 질병관리본부 국립보건연구원과 국립감염병연구소가 주관한다.  이번 감염병연구포럼에서는 코로나19 완전극복을 위한 범정부 차원의 백신ㆍ치료제 개발현황 및 연구자원 확보 등 국가차원의 신변종 감염병 대응을 위한 R&D 발전방향이 중점적으로 논의됐다.  국립감염병연구소 장희창 소장은 ""국립감염병연구소는 포스트 코로나 대응을 위한 국가차원의 감염병 R&D 컨트롤타워로서 신종감염병 및 변이바이러스에 가장 빠르게 대응할 수 있는 메신저 리보핵산(mRNA) 신속개발 플랫폼 개발을 위한 한-미 연구소 간의 국제공조 및 임상시험지원을 위한 공공백신개발지원센터ㆍ국가병원체자원은행 등 인프라 구축에 노력을 기울이겠다""라고 전했다.  이번 포럼에서 제시된 의견은 3차 국가 감염병 위기대응 기술개발 추진전략(안) (2022~2026)에 반영될 예정이다."
99,"세종 연서면 어린이 마을계획단, 첫 시동","세종시 연서면에 어린이들이 직접 마을의제를 발굴하고 계획하는 '어린이 마을계획단'이 첫 시동을 걸었다.  연서면 주민자치회(회장 오옥균)는 지역에서 처음으로 어린이 마을계획단이 활동을 시작했다고 25일 밝혔다.  연서초등학교 6학년 학생 12명으로 구성된 어린이마을계획단은 어린이 눈높이에 맞는 마을자원조사부터 계획수립 과정을 전담지도교수와 3주 동안 진행한다.  이 과정에서 도출한 결과는 성인 마을계획단과 공유해 어린이들이 원하는 마을의 모습으로 변화시킬 예정이다.  그 동안 연서면 마을계획단은 공동체 활성화, 평생교육, 여가활동, 소외계층 복지증진, 마을 환경정비 등에 힘쓰며 의제발굴부터 마을계획 수립ㆍ실행까지 전 과정에 주민자치회와 함께 발을 맞춰 왔다.  연서면 주민자치회는 올해 연서면 마을계획으로 채택된 '바람개비 산책길 조성 사업'과 '마을현황판 제작 사업'을 추진 중이다."
