source,title,link,content,journalist,date
조선일보,美 현직 교육감이 체포됐다...이민단속국 “불법 체류자”,https://n.news.naver.com/mnews/article/023/0003931772?sid=104,"26일 체포된 미국 아이오와주 디모인 교육감 이안 로버츠의 2020년 모습./ICE 도널드 트럼프 미국 대통령이 강력한 이민 정책을 추진하는 가운데 이민세관단속국(ICE)이 아이오와주(州) 주도인 디모인의 현직 공립학교 교육감을 체포했다. ICE는 그가 불법 체류자이며 추방 명령이 내려진 상태였다고 밝혔다. 워싱턴포스트 등은 27일 ICE가 디모인의 현직 교육감 이안 로버츠를 체포했다고 전했다. 디모인은 3만1000명의 학생이 속한 아이오와주 최대 학군이다. ICE 발표에 따르면, 로버츠는 26일 ICE 요원들이 차량으로 접근하자 도주한 뒤 차를 버리고 달아났다. 로버츠는 체포 당시 장전된 권총, 현금 3000달러, 사냥용 칼을 갖고 있었다고 한다. 가이아나 출신인 로버츠는 1999년 학생 비자로 입국했다. 볼티모어의 코핀 주립대에 다닌 뒤 뉴욕 퀸스의 세인트 존스대에서 석사 학위를 받았다고 한다. 2000년엔 시드니 올림픽에 가이아나 대표로 육상 경기에 나서기도 했다. 로버츠는 2010~2014년 워싱턴 DC 공립학교에서 일했고 한 고등학교 교장을 맡은 경력이 있다. WP는 “아이오와 교육 심사위는 2023년 7월 그에게 주 교육감 면허를 발급했다”고 전했다. 26일 체포된 이안 오버츠는 2023년 아이오와주 디모인 공립학교 교육감이 됐다./로이터 연합뉴스 그런데 지역 언론에 따르면 로버츠는 2022년 차량에 장전된 총기를 소지한 혐의를 받고 벌금 100달러를 낸 적도 있었던 것으로 전해졌다. 국토안보부는 로버츠가 2020년부터 무기 관련 혐의를 받았고, 작년 5월 법원에서 최종 추방 명령을 받았다고 했다. ICE는 “그는 취업 허가 비자도 없었다”면서 “이 불법 외국인이 어떻게 고용됐는지 이해할 수 없다”고 했다. 로버츠가 실제 어떤 상황에 있었는지는 현재까지 ICE의 발표 외에는 확인할 수 있는 방법이 없다. 지역 사회는 혼란에 빠졌다. 로버츠를 대신해 임시 교육감으로 지명된 부교육감 맷 스미스는 “그의 구금 소식에 충격을 받았다”고 했다. 디모인 교육위 의장 재키 노리스는 “우리가 알지 못했고 확인할 수 없었던 새로운 정보가 공개됐다”고 했다. 조선일보 국제부가 픽한 글로벌 이슈! 원샷 국제뉴스 더보기 (https://www.chosun.com/tag/oneshot/)",윤주헌 기자,2025.09.28. 오전 6:26
세계일보,[특파원리포트] 여전히 준비 안 된미국민주당,https://n.news.naver.com/mnews/article/022/0004071781?sid=110,"2026년 중간선거 움직임 본격화 민주당 내 트럼프 대항마 부재 반면 MAGA측선 강력히 결집 극우 재집권 가능성 배제 못해 도널드 트럼프 미국 대통령이 초강경 이민정책, 관세정책 등으로 미국 사회를 넘어 전 세계를 긴장시키고 있는 가운데 미국 사회는 다시 선거국면으로 접어드는 듯하다. 내년 중간선거를 앞두고 ‘정치적 풍향계’라고 할 수 있는 주(州) 차원의 선거들이 연말 여럿 치러진다. 2025년 11월 버지니아 주지사·부지사·법무장관·주의회 선거와 뉴저지 주지사 선거가 대표적이다. 내년 중간선거를 지면 ‘트럼프표’ 정책의 동력을 잃게 되는 트럼프 대통령은 이번에도 강경 극우 지지층인 마가(MAGA·미국을 다시 위대하게) 결집 전략을 노골화하고 있다. 최근 극우 인플루언서 찰리 커크 추모식에서 좌파를 강하게 비난하며 지지층 결집을 호소하는 모습이 상징적이다. 공화당이 다수인 주에서 유리한 선거구 재획정과 소송전이 이어지며 하원 과반 유지·확대를 노리는 움직임도 뚜렷하다. 트럼프 대통령은 앞으로도 철저히 ‘집토끼’를 결집하는 정책과 선거전략을 쓰면서 미국 사회를 더욱 극단적인 양극화로 내몰 것으로 보인다. 홍주형 워싱턴 특파원 때마침 지난 선거의 대선 후보였던 카멀라 해리스 전 부통령의 회고록 ‘107일’이 지난 23일(현지시간) 출간됐다. 107일은 조 바이든 전 대통령이 선거 불출마를 선언한 지난해 7월21일부터 대선이 치러진 11월5일까지를 의미한다. 반년이 넘도록 침묵하던 해리스 전 부통령의 회고록 출간은 관심을 모았지만 출간과 동시에 미국 언론은 차가운 반응을 보이고 있다. 특히 뉴욕타임스(NYT)는 자사 칼럼니스트들 3명의 토론을 영상으로 보여주며 신랄하게 비판했다. 칼럼니스트 카를로스 로자다는 “나의 한마디 평은 ‘변명’이라는 것”이라며 “(해리스 전 부통령이 시간이 부족했다고 하지만) 더 많은 시간이 있었다면 과연 해리스가 당내 경쟁에서 승리했을까”라고 지적했다. 칼럼니스트 미셸 코틀은 “해리스는 끊임없이 ‘107일밖에 없었다, 백악관에서 나를 신뢰하지 않았다, 존중받지 못했다’고 하소연한다”며 “하지만 책을 읽고 난 후 가장 큰 질문은, 이 책의 목적이 무엇인가라는 점”이라고 꼬집었다. 작심하고 낸 회고록이 좋은 반응을 얻지 못하면서 민주당 표심이 해리스 전 부통령을 통해 결집하기는 쉽지 않은 것으로 보인다. 최근 퀴니피액대 조사(9월 18∼21일 실시, 1276명 대상)에서 트럼프 대통령의 직무수행에 대한 평가는 38%가 찬성, 54% 반대였다. 결코 높은 지지율이라 할 수 없다. 문제는 민주당 지지율도 트럼프 대통령 지지율보다 더 나을 것이 없다는 것이다. 같은 조사에서 민주당을 지지한다는 응답은 30%, 반대한다는 응답은 54%였다. 해리스 전 부통령뿐만 아니라 트럼프 대통령이 취임 뒤 8개월 동안 미국 사회를 뒤흔드는 동안 민주당에선 특별한 존재감을 보인 인물이 없었다. ‘비전이 없다’, ‘성향에 따라 분열돼 있다’, ‘전략이 없다’ 등 민주당에 대한 여러 비판이 잇따르지만 결국 리더십 부재로 연결되는 얘기다. 공화당 소속인 조지 W 부시 전 대통령이 집권하던 시절엔 민주당에 버락 오바마 전 대통령, 힐러리 클린턴 전 국무장관 등 야당의 ‘강력한 지도자’들이 있었다. 개빈 뉴섬 캘리포니아주지사가 로스앤젤레스(LA) 시위 진압을 위한 주방위군 배치를 두고 트럼프 대통령과 대립 구도를 형성했지만 전국적 지지는 얻지 못하고 있다. 피트 부티지지 전 교통부 장관이 중도 성향에서, 알렉산드리아 오카시오코르테스 하원의원이 진보 성향에서 거론되지만 어느 쪽도 트럼프 대통령에 맞서는 강한 존재감을 보여주진 않는다. 애리조나주에서 열린 커크 추모식에 모인 마가들은 충분히 결집해 있었고, 또 한 번의 ‘전투’를 치를 준비가 된 것처럼 보였다. 반면 민주당은 여전히 준비가 덜 된 것으로 보인다. 전국적인 ‘노 킹스(No Kings) 집회’든, 각 지역의 이민세관단속국(ICE) 구금시설 앞에 모여든 시민들의 소규모 집회든 트럼프 행정부에 대한 미국인들의 분노를 목격할 수 있는 기회는 적지 않지만, 이것이 실제 선거에서 표심으로 연결될지는 여전히 의문인 이유다. 현시점의 미국 정치를 보면 연이은 극우 정권 집권 가능성도 배제할 수 없는 듯하다.",홍주형 기자,2025.09.28. 오후 10:55
서울경제,"""미국주요 투자국인 한국 위한 K-비자 도입 필요""",https://n.news.naver.com/mnews/article/011/0004538981?sid=101,"암참 '미국 비자 세미나' 열어 주한미국상공회의소가 29일 서울 영등포구 여의도 IFC 더포럼에서 '암참 인사이트: 미국 비자 세미나(AMCHAM Insights: U.S. VISA Seminar)'를 개최했다. [서울경제] 주한미국상공회의소가 29일 서울 영등포구 여의도 IFC 더포럼에서 '암참 인사이트: 미국 비자 세미나(AMCHAM Insights: U.S. VISA Seminar)'를 성공적으로 개최했다고 밝혔다. 이번 세미나에는 국내·외 기업 관계자와 법조·정책 전문가들이 참석해 미국 비자 제도 전반을 짚고 한국 기업들이 미국 시장에 진출할 때 직면하는 다양한 실무 과제와 대응 전략을 논의했다. 특히 목적에 따른 적합한 비자 유형과 신청 절차 및 유의사항, 기업들이 자주 겪는 시행착오와 대응 방안 등 원활한 시장 진입을 위한 비자 전략 등이 다뤄졌다. 제임스 김 암참 회장 겸 대표이사는 “조지아주 사례는 기업들이 미국 비자 제도를 정확히 이해하고 철저히 준수해야 한다는 점을 다시 한번 보여줬다”며 “K-비자와 같은 새로운 제도가 도입된다면 한국 인재들이 보다 자유롭게 활동할 수 있고, 이는 한·미 경제 파트너십을 한층 강화하는 계기가 될 것”이라고 강조했다. 크리스토퍼 랜도 미국 국무부 부장관은 영상 축사를 통해 “한국 기업들의 투자는 트럼프 대통령이 그리는 미국의 미래 비전에 있어 핵심적인 역할을 한다""며 ""한국 기업의 경영진이 직접 미국에 와서 전문성을 나누고 현지 인력을 양성할 수 있는 기반이 마련되어야만 투자가 성공할 수 있다는 점을 잘 인식하고 있다""고 전했다. 또 ""미국 정부는 이를 적극 지원해 양국이 긴밀한 파트너십을 바탕으로 공동의 번영을 이루어 나갈 수 있도록 최선을 다할 것""이라고 덧붙였다. 이날 기조연설을 맡은 이민법인 대양의 정만석 미국 변호사는 ‘새로운 미국 행정부 하에서의 비자 전략’을 주제로 최근 미국 비자 정책 변화와 기업별 맞춤 전략, 주요 거절 사례 등을 구체적으로 소개했다. 그는 ‘한국 동반자법 (Partner with Korea Act)’에 포함된 한국인 전용 E-4 전문직 취업비자(K-비자)의 신설 필요성을 강조했다. 이 법안은 매년 1만 5천 개의 비자를 한국 전문 인력에게 배정하는 내용을 담고 있다. 그는 일본(E-1/E-2), 싱가포르(H-1B1) 등 주요 파트너국이 이미 전용 비자를 보유한 반면, 한국은 미국 내 주요 투자국임에도 불구하고 아직 별도의 제도가 없다는 점을 지적하며 K-비자가 도입될 경우 한국 기업의 대미투자와 양국 경제 협력이 크게 강화될 것이라고 전망했다. 이어진 패널 토론에서는 조지아주 단속 사례가 기업 환경과 투자 심리에 미친 영향, 미국 비자 제도와 맞지 않는 하청 중심 인력 구조의 한계, 정부 차원의 대응책과 입법 과제, ‘한국 동반자법 (Partner with Korea Act)’ 등 한국인 전용 E-4 전문직 취업비자(K-비자)의 신설 필요성, 현지 사회의 반응 등을 폭넓게 논의했다. 암참 관계자는 ""앞으로도 한국 기업들이 미국 시장에서 안정적으로 활동할 수 있도록 시의성 있는 정보를 제공하고 정책 대화의 장을 꾸준히 마련해 나갈 계획""이라고 말했다.",박성호 기자,2025.09.29. 오후 5:04
경향신문,"목전 다가온 연방정부 ‘셧다운’···미국사회, 경제 멈추나[뉴스 깊...",https://n.news.naver.com/mnews/article/032/0003399613?sid=104,"지난 6월3일 미국 워싱턴의 국회의사당의 모습. 로이터연합뉴스 미국 의회가 예산안 통과를 두고 대립하면서 연방정부의 ‘셧다운(일시적 업무 중지)’ 가능성이 커지고 있다. 셧다운이 현실화할 경우 사회·경제 전반에 혼란이 불가피한 가운데, 연방정부 축소를 기조로 해온 도널드 트럼프 미국 행정부가 이를 계기로 대규모 감원을 단행할 것이라는 전망이 나온다. CNN은 28일(현지시간) 트럼프 대통령과 여야 상원 및 하원 지도부가 29일 백악관에서 예산안 협상에 관한 회동을 할 예정이라고 보도했다. 이 회동에는 공화당의 마이크 존슨 하원 의장과 존 튠 상원 원내대표, 민주당의 하킴 제프리스 하원 원내대표와 척 슈머 상원 원내대표가 참석할 예정이다. 30일까지 여야가 정부 예산안에 합의하지 못하면 연방정부는 10월1일 0시1분부터 예산안이 승인될 때까지 셧다운 된다. 셧다운이 되면 국방, 치안, 항공 교통 관제 등 국민의 생명과 재산 보호에 필수적인 업무를 제외한 모든 연방 기관의 운영이 중단된다. 이번 회동은 셧다운의 위험을 앞두고 사실상 마지막 협상이 될 것으로 보인다. 양당제가 공고한 미국에서는 여야 대립으로 연방정부가 셧다운되는 일이 종종 있었다. 1980년 이후 연방정부는 14번 셧다운을 겪었다. 트럼프 행정부 1기였던 2018년에는 셧다운이 미국 역사상 역대 최장기간인 35일 동안 이어졌다. 지난 25일 하킴 제프리스 민주당 하원 원내 대표가 워싱턴 국회의사당에서 취재진의 질의에 답하고 있다. AP연합뉴스 민주당은 이른바 ‘오바마케어’로 불리는 전국민건강보험법의 보조금을 연장하고 공화당이 앞서 삭감한 공공의료보험 ‘메디케이드’, 공영 방송과 해외 원조 분야의 예산을 복구할 것을 요구하고 있다. 공화당은 “민주당의 예산안은 더 많은 불법 이민자들에게 의료보험 혜택을 주게 될 것”이라며 반대 의사를 표해왔다. 셧다운이 발생하면 연방정부는 정책 서비스를 중단하면서 인력 감원에 나서게 된다. 비정부기구인 공공서비스를위한파트너십에 따르면 셧다운으로 인해 최대 연방 공무원 최대 90만명이 일시적으로 해고되고, 최대 70만명이 무급으로 근무할 것으로 전망된다. 과거 연방정부의 셧다운이 발생했을 때 이민자에 관한 심사와 주택 구매자와 중소기업에 관한 대출이 중단되는 등 광범위하게 영향을 미치기도 했다. 이번 셧다운은 경제에 상당한 영향을 미칠 것으로 보인다. 의회예산국에 따르면 2018년 발생한 셧다운으로 30억달러(약 4조2000억원)의 경제 성장 손실이 발생했다. 옥스퍼드 이코노믹스 소속 경제학자 라이언 스윗은 “연방정부 지출의 급격한 감소는 결국 소비자의 지출, 민간사업의 활동을 위축시키게 된다”고 말했다. 미국여행협회는 셧다운이 발생할 시 관광업에서 매주 최대 10억달러(약 1조4000억원)의 손실이 발생할 것으로 전망했다. 전문가들은 특히 관세 정책 등으로 불안정성이 높아진 상황에서 셧다운이 발생하면 피해가 더 커질 것이라고 우려했다. 무디스 애널리스틱의 마크 잔디 수석 이코노미스트는 “현재 경제가 취약한 상황”이라며 “지금의 경제 상황에서는 (셧다운이) 우리를 무너뜨리는 요인이 될 수 있다”고 말했다. 트럼프 2기 행정부의 셧다운은 과거보다 더 큰 영향을 미칠 것이라는 관측이 지배적이다. 정부 조직 규모를 줄이고 있는 트럼프 행정부가 셧다운을 계기로 연방정부 공무원들을 대량 해고할 것으로 보이기 때문이다. 트럼프 대통령은 2기 취임 이후 이미 약 20만명의 공무원들을 해고했다. 앞서 백악관 예산국은 셧다운 시 일시적인 인력 감축 계획 외에도 영구적인 인력 감축 계획을 수립할 것을 각 기관에 지시했다. 러스 보우트 백악관 예산국 국장은 최근 “대통령의 우선순위와 일치하지 않는 프로그램에 종사하는 직원을 감원하라”는 내용의 공지를 내렸다. 워싱턴포스트는 보우트의 공지에 따르면 현재와 같은 규모로 운영될 수 있는 부처는 국방부와 국토안보부뿐이라며 “셧다운 이후에는 국방과 이민법 집행에 집중하는 방향으로 연방정부가 재편될 수 있다”고 짚었다. 지난 19일 마이크 존슨 하원 의장이 워싱턴 국회의사당에서 취재진의 질의에 답하고 있다. EPA연합뉴스 하지만 첨예하게 대립하고 있는 양당이 극적으로 합의에 도달할 가능성은 작아 보인다. 트럼프 대통령은 28일(현지시간) CBS와 인터뷰하면서 예산안을 둘러싼 갈등에 “문제를 어떻게 풀지 그냥 모르겠다”고 말했다. 존슨 하원의장은 이날 CNN 인터뷰에서 “민주당이 좌파 의제를 위해 정부 자금을 인질로 잡고 있다”고 말했다. 이에 대해 슈머 원내대표는 “트럼프 대통령이 폭언을 퍼붓고, 온갖 불만을 늘어놓는다면 우리는 아무것도 이룰 수 없을 것”이라고 말했다.",배시은 기자,2025.09.29. 오후 4:37
매일신문,"美이민당국 시설에 총격, 1명 사망·2명 중상",https://n.news.naver.com/mnews/article/088/0000972434?sid=104,"댈러스 ICE 시설 대상 외부 공격…피해자 모두 시설 구금자들 FBI 국장 ""탄피에 '이민단속국 반대' 문구""…총격범은 자살 24일(현지시간) 미국 텍사스주 댈러스의 이민세관단속국(ICE) 구금시설에서 총격 사건이 발생, 1명이 숨지고 2명이 중상을 입었다. 댈러스 ICE 구금시설 모습. 로이터 연합뉴스 미국 도널드 트럼프 행정부가 불법이민자 단속·추방 정책을 강하게 밀어붙이는 가운데 24일(현지시간) 미국 텍사스주 댈러스의 이민세관단속국(ICE) 구금시설에 대한 총격 사건이 발생, 1명이 숨지고 2명이 중상을 입었다. 미국의 이민정책에 대한 불만을 가진 이념적 동기가 사건의 원인인 것으로 알려졌다. 댈러스 경찰국에 따르면 이날 오전 6시 40분쯤 댈러스의 ICE 임시 구금시설에서 현장 지원 요청이 접수돼 경찰이 출동했다. 경찰은 현장에서 총격 피해자 3명이 쓰러져 있는 것을 발견했다. 1명은 그 자리에서 사망했고, 다른 2명은 병원에 이송됐지만 위독한 상태다. 총격범은 ICE 인근 건물의 옥상에서 숨진 채 발견됐으며 스스로 쏜 총상으로 사망한 것으로 알려졌다. 미 국토안보부도 이날 발표한 성명에서 ""오늘 아침 정신 나간 총격범이 인근 옥상에서 이민세관단속국(ICE) 댈러스 현장 사무소를 공격했다""며 ""총격범은 ICE 건물과, 시설 출입구에 있던 밴을 향해 무차별 총격을 가했다""고 밝혔다. 당국은 총격범이 지니고 있던 탄피에 ICE를 반대하는 내용의 문구가 쓰여있는 점으로 미뤄 범행에 이념적인 동기가 있었던 것으로 보고 있다. 캐시 파텔 미 연방수사국(FBI) 국장은 이날 엑스(X·옛 트위터)에 올린 글에서 ""수사가 진행 중인 가운데, 초기 증거 분석 결과는 이 공격에 이념적 동기가 있음을 보여준다""며 ""회수된 미사용 탄피 중 하나에는 '안티 ICE'(ANTI ICE)라는 문구가 새겨져 있었다""고 밝혔다. NBC 방송은 수사당국 소식통을 인용해 총격범의 신원이 29세 남성 조슈아 얀으로 확인됐다고 전했다. 이 남성은 선거관리 기관에 소속 정당이 없는 무소속 유권자로 등록돼 있었으며, 그의 형제인 노아 얀은 NBC 인터뷰에서 ""내가 아는 한 그는 ICE에 대해 강한 감정을 갖고 있지 않았다. 정치에 관심이 없었다""고 말했다. 올들어 불법이민자 단속·추방 정책 시행 후 이민당국 관련 시설에 대한 공격이 잇따르고 있다. 지난 7월 4일에는 텍사스 알바라도에 있는 프레리랜드 구금센터 외부에서 한 무리의 사람들이 시설을 향해 총격을 가해 경찰관 1명이 목에 총상을 입었다. 이 공격에 가담한 혐의로 최소 11명이 기소됐다. 7월 7일에는 텍사스주 맥앨런 소재 국경순찰대 시설 밖에서 27세 남성이 연방 요원들을 향해 소총으로 수십 발을 발사하다 당국 요원들에 의해 사살됐다. 당시 경찰관 2명과 국경순찰대 직원 1명이 부상했다.",김동석 기자,2025.09.25. 오후 4:11
한겨레,트럼프 “이민단속국 방어에 필요하면 전면 군사력 사용 승인”,https://n.news.naver.com/mnews/article/028/0002768589?sid=104,"오리건주 포틀랜드에 군 병력 배치 지시 지난 1일 미국 오리건주 포틀랜드의 이민세관단속국(ICE) 구금시설 앞에서 열린 도널드 트럼프 미국 대통령의 이민정책에 반대하는 시위 중 최루탄 연기에 단속국 직원들이 서 있다. 로이터 연합뉴스 도널드 트럼프 미국 대통령이 오리건주 포틀랜드에 군 병력을 배치하고 필요시 전면 무력 사용을 지시했다. 트럼프 대통령은 27일(현지시간) 트루스소셜에 “크리스티 놈 국토안보부 장관의 요청에 따라, 전쟁으로 황폐화된 포틀랜드와 이민세관단속국(ICE) 시설을 방어하기 위해 피트 헤그세스 국방부 장관에게 필요한 모든 병력 제공을 지시했다”고 밝혔다. 그는 “안티파(Antifa)와 기타 국내 테러리스트의 공격으로 이민세관단속국 시설이 포위된 상태”라고 주장하며 “필요하다면 전면적인 무력(Full Force) 사용도 승인했다”고 덧붙였다. 백악관은 ‘전면적 무력’의 구체적 의미나 실제 어느 부대가 투입될지에 대해선 밝히지 않았다. 국토안보부 대변인 트리샤 맥라플린은 “수주간 이민세관단속국 시설과 법집행기관에 대한 폭력적 시위가 이어진 결과”라며 “안티파 국내 테러리스트가 미국을 위협하지 못하게 하겠다. 이들을 단호히 처벌할 것”이라고 밝혔다. 이번 조치는 사흘 전 텍사스주 댈러스 이민세관단속국 구금시설에서 벌어진 총격 사건으로 구금자 1명이 숨지고 2명이 중상을 입은 사건에 따른 것으로 보인다. 백악관은 현장에서 발견된 탄피에 이민세관국 반대 문구가 있었다며 불법이민 단속 정책에 대한 조직적인 반대 움직임이 있다고 보고 있다. 트럼프 대통령은 반파시즘·반인종차별 운동인 안티파를 테러단체로 지정하는 행정명령에 서명한 데 이어, 우익 청년활동가 찰리 커크의 암살에도 정치적 폭력을 선동하는 좌파 단체가 배후에 있다면서 안티파 등에 대한 수사를 지시한 상태다. 지난 6월14일 미국 오리건주 포틀랜드의 이민세관단속국 건물 앞에서 한 여성이 손에 꽃을 들고 휴스턴 특별대응팀 패치를 단 경찰과 마주 보고 있다. AP 연합뉴스 오리건주 최대 도시인 포틀랜드는 진보 성향이 강한 도시로 꼽히며, 다른 여러 도시와 마찬가지로 이민 단속작전에 대한 반감이 높다. 시엔엔은 포틀랜드시에서 남쪽으로 2마일 떨어진 곳에 있는 구금시설 앞에서 지난 여름 반이민 시위가 계속 벌어졌으며 대부분의 시위는 평화로웠지만 일부 시위는 최루탄이 등장하기도 했다고 전했다. 트럼프 대통령은 25일 기자들을 향해 포틀랜드 시위대를 혼란을 조장하는 무정부주의자들이라고 비난하며 대응하겠다고 밝힌 바 있다. 포틀랜드시와 주 정부는 강하게 반발했다. 키스 윌슨 포틀랜드 시장은 “우리는 연방 병력을 요청한 적 없다. 혼란은 트럼프 대통령이 직접 유발하지 않는 한 발생하지 않을 것”이라고 반박했다. 티나 코텍 오리건 주지사는 소셜미디어 엑스(X)에서 “포틀랜드엔 국가 안보 위협이 존재하지 않는다”며 “포틀랜드와 오리건은 스스로 치안을 해결할 능력이 있다”는 입장을 트럼프 대통령과 크리스티 놈 장관에 전달했다고 썼다. 트럼프 대통령은 앞서 반이민시위가 벌어진 로스앤젤레스에 주지사 동의 없이 주방위군을 투입했으며, 워싱턴디시에도 치안 업무에 군을 투입한 바 있다. 또 민주당 성향이 강한 시카고, 볼티모어, 멤피스 등 도시들을 상대로 군을 투입하겠다는 경고를 여러 차례 해 왔다.",정유경 기자,2025.09.28. 오전 9:22
연합뉴스,美이민단속 겨냥한 총격에 단속된 구금자가 스러져…3명 사상(종합3보),https://n.news.naver.com/mnews/article/001/0015647253?sid=104,"댈러스 ICE 시설 대상 외부 공격…피해자 모두 시설 구금자들 FBI 국장 ""탄피에 '이민단속국 반대' 문구""…총격범은 자살 미 국토안보부 ""법 집행에 대한 공격""…놈 장관 ""극좌파들 발언 탓"" 24일 총격 발생한 미 텍사스주 댈러스의 이민세관단속국(ICE) 시설 [AFP=연합뉴스. 재판매 및 DB 금지] (워싱턴·로스앤젤레스=연합뉴스) 홍정규 임미나 특파원 = 미국 텍사스주 댈러스의 이민세관단속국(ICE) 구금시설에서 24일(현지시간) 오전 총격 사건이 발생, 1명이 숨지고 2명이 중상을 입었다. 미 국토안보부는 이날 발표한 성명에서 ""오늘 아침 정신 나간 총격범이 인근 옥상에서 이민세관단속국(ICE) 댈러스 현장 사무소를 공격했다""며 ""총격범은 ICE 건물과, 시설 출입구에 있던 밴을 향해 무차별 총격을 가했다""고 밝혔다. 또 ""시설 수감자 3명이 총에 맞아 이 가운데 1명은 사망했고, 다른 2명은 위독한 상태""라며 ""총격범은 스스로 쏜 총상으로 사망했다""고 전했다. 댈러스 경찰국에 따르면 이날 오전 6시 40분께 댈러스의 ICE 임시 구금시설에서 현장 지원 요청이 접수돼 경찰이 출동했다. 경찰은 현장에서 총격 피해자 3명이 쓰러져 있는 것을 발견했다. 이 가운데 1명이 그 자리에서 사망했고, 2명이 병원으로 이송됐다. 총격범은 ICE 인근 건물의 옥상에서 숨진 채 발견됐다. 24일 총격 발생한 미 텍사스주 댈러스의 이민세관단속국(ICE) 시설 [로이터=연합뉴스. 재판매 및 DB 금지] ICE 직원 중 다친 사람은 없다고 당국은 밝혔다. 당국은 총격범이 지니고 있던 탄피에 ICE를 반대하는 내용의 문구가 쓰여있는 점으로 미뤄 범행에 이념적인 동기가 있었던 것으로 보고 있다. 캐시 파텔 미 연방수사국(FBI) 국장은 이날 엑스(X·옛 트위터)에 올린 글에서 ""수사가 진행 중인 가운데, 초기 증거 분석 결과는 이 공격에 이념적 동기가 있음을 보여준다""며 ""회수된 미사용 탄피 중 하나에는 ""안티 ICE""(ANTI ICE)라는 문구가 새겨져 있었다""고 밝혔다. 캐시 파텔 FBI 국장이 엑스에 올린 글과 사진 [X 게시물 캡처. 재판매 및 DB 금지] 국토안보부도 ""이것은 ICE 법 집행에 대한 공격""이라고 규정했다. 크리스티 놈 국토안보부 장관은 엑스에 올린 글에서 ""수개월 동안 우리는 누군가가 죽기 전에 정치인들과 언론에 ICE 법 집행에 대한 과격한 발언을 자제하라고 경고해왔다""며 ""이 끔찍한 살인은 극좌파에게 ICE에 대한 그들의 발언이 결과를 초래한다는 경각심을 불러일으켜야 한다""고 강조했다. 다만 놈 장관은 범행 동기와 관련한 추가적인 정보나 증거는 제시하지 않았다. JD 밴스 부통령도 놈 장관이 앞서 올린 글을 자신의 엑스 계정에 공유하면서 ""법 집행기관, 특히 ICE에 대한 강박적인 공격은 중단돼야 한다""며 ""이번 공격으로 다친 모든 사람과 그들의 가족을 위해 기도하고 있다""고 썼다. NBC 방송은 수사당국 소식통을 인용해 총격범의 신원이 29세 남성 조슈아 얀으로 확인됐다고 전했다. 이 남성은 선거관리 기관에 소속 정당이 없는 무소속 유권자로 등록돼 있었으며, 그의 형제인 노아 얀은 NBC 인터뷰에서 ""내가 아는 한 그는 ICE에 대해 강한 감정을 갖고 있지 않았다. 정치에 관심이 없었다""고 말했다. 크리스티 놈 국토안보부 장관이 엑스에 올린 글 [X 게시물 캡처. 재판매 및 DB 금지] 올해 들어 도널드 트럼프 행정부가 불법이민자 단속·추방 정책을 강하게 밀어붙이기 시작한 뒤 이민당국 관련 시설에는 여러 차례 공격이 있었다. 지난 7월 4일에는 텍사스 알바라도에 있는 프레리랜드 구금센터 외부에서 한 무리의 사람들이 시설을 향해 총격을 가해 경찰관 1명이 목에 총상을 입었다. 이 공격에 가담한 혐의로 최소 11명이 기소됐다. 이 사건이 있고 불과 사흘 뒤인 7월 7일에는 텍사스주 맥앨런 소재 국경순찰대 시설 밖에서 27세 남성이 연방 요원들을 향해 소총으로 수십 발을 발사하다 당국 요원들에 의해 사살됐다. 당시 경찰관 2명과 국경순찰대 직원 1명이 부상했다. CNN 방송 등에 따르면 이날 사건이 벌어진 시설은 ICE 요원들에게 체포된 사람들이 정식 구금시설로 배치되기 전에 24시간 미만으로 잠시 머무르는 곳이다. 지난 여름 이 시설에는 일반적으로 수십 명의 구금자가 동시 수용됐으나, 최대 155명까지 수용된 적도 있다. zheng@yna.co.kr mina@yna.co.kr",임미나 기자,2025.09.25. 오전 3:20
뉴스1,"트럼프, H-1B 수수료 10만달러…韓 간호사·유학생미국행 '빨간불'",https://n.news.naver.com/mnews/article/421/0008514314?sid=102,"21일 이후 신규 신청분부터 적용…기존 승인자는 제외 간호계 ""대학·병원 비용 급증, 외국인 채용 포기 가능성 높아"" 서울 시내 한 대학병원에서 간호사들이 이동하고 있다. 2025.3.12/뉴스1 ⓒ News1 김진환 기자 (사진은 기사 내용과 무관함) (서울=뉴스1) 김규빈 기자 = 미국이 9월부터 H-1B 전문직 비자 신규 신청에 10만 달러(1억 4103만 원) 수수료를 부과하면서 한국 간호사·간호대생·유학생·연구자의 미국 진출이 위축될 우려가 커지고 있다. 대학과 병원이 신규 직원을 채용할 때 수억 원대 비용을 감당하기 어려워 외국인 채용을 위한 비자 신청 자체를 포기할 가능성이 높아지기 때문이다. 27일(현지시간) 미국 백악관은 대통령 포고문을 통해 지난 21일 오전 0시1분 이후 접수되는 신규 H-1B 청원에는 10만 달러 납부를 의무화한다고 발표했다. 이미 제출·승인됐거나 연장·갱신된 청원은 적용 대상에서 제외된다. 국토안보부(DHS) 산하 미국 이민국(USCIS)은 ""세부 시행 지침은 순차적으로 공지하겠다""고 밝혔다. H-1B는 미국 고용주가 외국 전문 인력을 채용할 때 사용하는 대표 비자다. 그간 매년 약 8만 5000건이 추첨으로 발급되어 왔는데, 학사 이상 학위와 전공 일치성을 요구한다. IT·의료·공학 등 다양한 분야에서 활용돼 왔지만, 신규 신청당 10만 달러가 추가되면 전체 부담액은 연간 85억 달러(약 11조 원)에 이른다. USCIS 지침에 따르면 일반 간호사(RN)는 학사 학위가 필수 요건으로 분류되지 않아 H-1B 전문직 기준을 충족하지 못한다. 지난 2015년 USCIS 정책 발표에서도 RN 직위는 대부분 '전문직(specialty occupation)'에 해당하지 않는다고 명시됐다. 일부 대형 병원이 특수 부서 RN이나 간호 관리자 채용을 시도했지만, 이번 고액 수수료 부담으로 채용 재검토 가능성이 크다는 분석이다. 특히 병원 재정이 빠듯한 상황에서 신규 간호사 채용에 수천만 원의 추가 비용이 소요되면, 스폰서를 포기하는 사례가 잇따를 수 있다는 전망이 나온다. 간호대 교수, 간호학 연구직은 승인 사례가 있었지만, 신규 스폰서 비용이 10만 달러라면 내국인이나 영주권자 채용이 우선될 수 있다. 수도권 소재 간호대학 교수 A 씨는 ""해외 박사 학위자가 미국 간호대 교수직을 준비해도 대학이 비자 비용을 감당하기 어렵다""며 ""이번 조치로 한국 간호학 연구자의 미국 임용 기회도 줄어들 수 있다""고 말했다. 반면 국내에서는 미국 진출을 준비하는 간호사들이 빠르게 늘고 있다. 미국간호사시험위원회(NCSBN) 등에 따르면 한국 국적 NCLEX 응시자는 지난해 약 2600명으로, 1년 전보다 3배 이상 늘어난 것으로 추정된다. 5년 전과 비교하면 10배 이상 증가한 수치다. 합격자는 늘고 있지만 실제 취업으로 이어지는 비율은 낮아질 수 있다. 특히 미국 간호대학원 유학생들은 졸업 후 OPT(실습) 기간을 거쳐 H-1B로 전환하는 경로를 많이 택해 왔다. 그러나 이번 조치로 대학이 신규 스폰서를 포기하면 유학생과 교수직 후보자의 기회가 줄어들 수밖에 없다. 미국 취업, 유학을 준비 중인 간호사들은 'EB-3(Schedule A)' 영주이민 경로에 의존할 수밖에 없다는 우려도 나온다. 간호사는 미국 노동부 지정 상시 부족 직종에 포함돼 있어 EB-3로 노동허가 절차(PERM)를 거치지 않아도 된다. 그러나 우선일자 대기만 최소 1~2년, 전체 영주권 절차는 수년이 걸리는 경우가 많다. EB-3는 미국 고용주가 스폰서를 맡아야 하며, 고용 제안서(Job Offer)와 이민청원(I-140) 승인이 필수적이다. 특히 간호사 지원자의 경우 매년 수요 대비 비자 쿼터가 제한돼 있어, 국가별 대기열에 따라 심사 기간이 더 길어질 수 있다. 수도권 소재 간호대학 교수 B 씨도 ""NCLEX 합격자가 아무리 늘어도 비자가 없으면 의미가 없다""며 ""특히 간호대학원 유학생은 졸업 후 OPT에서 H-1B로 전환해야 하는데, 이번 수수료 장벽은 미국 진출 자체를 포기하게 만들 수 있다""고 밝혔다.",김규빈 기자,2025.09.29. 오전 8:28
중앙SUNDAY,"미국이민H-1B 취업비자, '10만 달러 장벽'…기업·유학생 직격탄",https://n.news.naver.com/mnews/article/353/0000053162?sid=102,"미국이민 H-1B 취업비자, '10만 달러 장벽'...기업·유학생 직격탄 트럼프 행정부가 H-1B 비자 수수료를 기존 1,000달러에서 무려 10만 달러로 인상하겠다고 발표했다. 단순한 행정 수수료 조정을 넘어, 미국 내 노동시장에서 “미국인 우선 고용(America First Employment)”이라는 정치적 메시지를 강화한 조치다. H-1B는 매년 8만 5천 개 한도로 발급되며, 한국 청년 유학생들의 미국 취업 경로로 널리 활용돼 왔다. 그러나 한국인의 점유율은 1% 내외에 불과해, 이번 수수료 인상은 기회의 축소로 직결될 전망이다. 특히 중소기업 입장에서는 단일 인력 채용에 10만 달러를 부담하기 어렵기 때문에, 인력 채용을 포기하거나 현지인 채용으로 전환할 가능성이 크다. 미국 기업 또한 고급 STEM 인재를 상대적으로 낮은 연봉으로 활용하던 구조가 흔들리게 됐다. 수수료 인상으로 채용비용이 폭등하면서, 인재 확보 전략 전반에 변화를 불가피하게 하고 있다. 트럼프 대통령은 이번 조치를 단순한 수수료 인상이 아닌 구조적 개편으로 규정했다. ‘Project Firewall’을 통해 H-1B 남용 기업을 직접 조사하고, 임금·근로조건·직무분류까지 세밀하게 들여다보겠다고 예고했다. 이는 2008년 글로벌 금융위기 이후 고조된 반이민 정서를 정치적으로 활용하는 조치로 해석된다. “외국인 대신 미국인을 고용하라”는 메시지는 공화당 핵심 지지층과 맞닿아 있다. 다만 미국 내 고급 인재 부족 현실을 감안할 때, 역설적 인력난을 초래할 수 있다는 지적도 제기된다. 이번 H-1B 정책 전환은 한국에 새로운 기회 요인으로 작용할 가능성이 있다. 한국은 2012년 한미 FTA를 체결했음에도 불구하고, 호주·싱가포르·칠레처럼 전용 전문직 비자 쿼터를 확보하지 못했다. 그러나 최근 미 의회에서 한국인을 대상으로 한 고숙련 전문직 비자(E-4) 신설 법안(Partner with Korea Act)이 초당적으로 발의되며 주목을 받고 있다. E-4는 비이민 비자로 영주권으로 직결되지 않지만, 미국 일자리와 충돌하지 않고 첨단 제조업·반도체·배터리·전기차 등 전략 산업 분야에서 한국 인재의 역할을 인정하는 틀을 마련한다는 점에서 현실적인 대안으로 꼽힌다. 특히 지난해 한국이 미국에 367억 달러를 투자하고 1만 2천 개의 일자리를 창출했음에도, 조지아주에서 300여 명의 한국 근로자가 비자 문제로 구금된 사건은 정치적 압력으로 작용했다. 이후 한미 간 ‘비자 워킹그룹’ 출범 논의가 급물살을 타고 있다. H-1B 수수료 인상은 한국 기업과 인재에게 분명 제도적 장벽이지만, 동시에 E-4 비자 신설을 가속화하는 역설적 계기가 될 수 있다. 한국의 투자·고용 창출 실적을 기반으로 제도적 대안을 현실화할 수 있다면, 이번 ‘돌발 변수’는 오히려 새로운 길을 여는 출발점이 될 것이다. 클럽이민은 오는 10월 25일 미국영주권 설명회를 개최하며, 이러한 격변의 시기에 맞는 미국영주권 취득방법에 관하여 심층 해설할 예정이다.",,2025.09.29. 오후 4:01
동아일보,美이민단속국 저격한 총탄에 ‘안티 ICE’ 글씨…정치테러 가능성,https://n.news.naver.com/mnews/article/020/0003663705?sid=104,"사무소 있던 이민자 1명 사망, 2명 중태 자살한 용의자 가족 “정치 무관심” 주장 트럼프 “ICE, 급진좌파 위협-공격에 직면” 24일(현지 시간) 미국 텍사스주 댈러스의 이민세관단속국(ICE)의 구금 시설에 대한 총격 사건 현장에서 발견된 미사용 탄환. ‘안티(ANTI) ICE’라는 문구가 선명히 새겨져 있다. 사진 출처: 캐시 파텔 미국 연방수사국(FBI) 국장 ‘X’ ‘ 미국 이민세관단속국(ICE) 총격 사건으로 이민자 사상자 3명이 나온 가운데, 현장에서 ‘ICE에 반대한다’는 의미의 ‘안티-아이스’(ANTI-ICE)라고 적힌 탄환이 발견됐다. 24일(현지 시간) 미국 연방수사국(FBI)에 따르면 용의자로 파악된 29세 백인 남성 조슈아 얀이 사용한 탄환에서 ‘반(反) 이민국’을 뜻하는 ‘안티-아이스’라는 문구가 포착됐다. 그는 인근 건물 옥상에서 ICE 사무소를 향해 총격을 가한 뒤 스스로 목숨을 끊은 것으로 확인됐다. FBI는 이번 사건을 이념적 동기에 의한 표적 공격이라고 보고 있다. 그러나 조슈아의 형제인 노아 얀은 미국 NBC 인터뷰에서 “내가 아는 한 그는 ICE에 대한 강한 감정이 없었다. 정치에 관심이 없었다”고 말했다. 미국 뉴욕타임스(NYT)는 조슈아가 온라인에서 활발하게 활동했지만, 정치적인 언급은 거의 없었다고 보도했다. 정확한 범행 동기는 아직 밝혀지지 않았다. 미국 텍사스주 보안당국이 공개한 조슈아 얀의 얼굴. ‘X’ 캡처 국토안보부에 따르면, 앞서 이날 오전 텍사스주 댈러스에 있는 ICE 사무소에 총격이 가해져 이민자 3명이 총에 맞았다. 이 중 1명은 숨졌고, 2명은 중태다. 이민단속 요원들은 다치지 않았다. 도널드 트럼프 미국 대통령은 소셜미디어 트루스소셜에서 “밝혀진 바에 따르면 정신이 이상한 총격범이 탄피에 ‘반 ICE’라고 썼다. 이는 비열한 행위”라고 규탄했다. 그는 “ICE의 용감한 직원들은 단지 자신의 임무를 수행하며 ‘최악 중의 최악’인 범죄자들을 우리나라에서 추방하려 할 뿐”이라며 “그러나 그들은 정신 나간 급진 좌파 세력으로부터 전례 없는 위협과 폭력, 공격에 직면하고 있다”고 했다. 이어 “이러한 폭력은 급진 좌파 민주당 당원들이 끊임없이 법 집행 기관을 악마화하고 ICE 해체를 요구하며 ICE 요원들을 ‘나치’에 비유한 결과”라고 주장했다. 경찰이 ICE 건물 인근 도로를 통제하고 있는 모습. 댈러스=AP/뉴시스 그러면서 “(청년 보수 활동가인) 찰리 커크 암살 사건 이후 지속되는 급진 좌파 테러리스트들의 폭력은 반드시 중단돼야 한다”며 “우린 이미 ‘안티파’를 테러 조직으로 지정했다. 이번 주에 이 국내 테러 네트워크를 해체하기 위한 행정명령에 서명할 것”이라고 밝혔다. ICE는 트럼프 행정부의 불법 이민 단속 강화 정책의 핵심 기관이다. 이에 미국 전역에서 ICE에 항의하는 시위가 확산하기도 했다. 최근 조지아주 현대자동차·LG에너지솔루션 배터리 공장 건설 현장의 이민 단속도 ICE가 주도한 바 있다. 이번에 총격 사건이 벌어진 ICE 사무소는 지난달에도 폭탄 테러 위협을 받았다고 외신들은 전했다. 이곳은 체포된 이민자들을 구금시설로 이송하기 전에 관련 업무 처리를 담당한다.",이혜원 기자,2025.09.25. 오전 11:50
헤럴드경제,트럼프 “미국에 불법으로 오면 감옥 보낼 것…출신국보다 더 먼 곳으로...,https://n.news.naver.com/mnews/article/016/0002533703?sid=104,"유엔총회 연설서 이민정책 성과 강조…“지금이 미국의 황금기” 유럽 국가들에도 강경 이민책 권고…“국경 통제할 권리 있어” 도널드 트럼프 미국 대통령이 23일(현지시간) 미국 뉴욕에서 열린 제80차 유엔 총회에서 다자간 회의에 참석하고 있다. [로이터] [헤럴드경제=김지헌 기자] 도널드 트럼프 대통령은 23일(현지시간) “만약 당신이 불법적으로 미국에 들어온다면 감옥에 가거나, 당신이 왔던 곳으로 돌아가거나, 어쩌면 더 먼 곳으로 가게 될 것”이라고 말했다. 트럼프 대통령은 이날 뉴욕 유엔본부에서 열린 유엔총회 연설에서 트럼프 행정부의 이민 정책과 관련해 “우리의 메시지는 매우 단순하다”라며 이같이 밝혔다. 트럼프 대통령은 미국의 강력한 이민 정책 성과를 강조하면서 다른 국가들에도 이 같은 이민 정책 원칙을 마련하라고 권고했다. 트럼프 대통령은 “우리는 미국이 미국 국민의 것이라는 점을 다시 천명했다”며 “나는 모든 나라가 자국민을 보호하기 위해 스스로 입장을 확고히 하기를 권고한다”고 말했다. 그러면서 이민 문제로 국내 갈등이 깊어지는 유럽 일부 국가들과 관련, “유럽은 심각한 문제에 빠져 있다. 그들은 지금까지 누구도 본 적 없는 규모의 불법 이민자들에게 침략당했다”고 말했다. 이어 “불법 이민자가 유럽으로 몰려들지만, 아무도 그것을 바꾸려는 조치를 하지 않고 있다. 그것은 지속 가능하지 않으며, 그들은 ‘정치적 올바름’(politically correct)을 선택했기에 아무것도 하지 않는 것”이라고 지적했다. 도널드 트럼프 미국 대통령이 23일(현지시간) 미국 뉴욕에서 열린 제80차 유엔 총회에서 참석하고 있다. [AP] 트럼프 대통령은 유엔총회에 참석한 정상들을 향해 “여러분은 미국이 지금 하는 것처럼, 국경을 통제할 권리가 있다”고 강조했다. 그는 “자랑스러운 나라들은 그들의 공동체를 보호해야 하며, 이전에 한 번도 본 적이 없는, 다른 관습과 종교 등을 가진 사람들로 인해 사회가 압도당하지 않도록 해야 한다”고 말했다. 또 “이민자들이 법을 위반하거나 거짓 망명을 신청하거나 부당한 난민 지위를 주장할 경우, 대부분 즉시 본국으로 보내져야 한다”고 말했다. 트럼프 대통령은 또 “행정부 출범 8개월 만에 미국은 세계에서 가장 ‘핫한’ 나라가 됐다”며 트럼프 2기 행정부 출범 이후의 성과에 대한 자화자찬도 이어갔다. 그는 “미국은 가장 강한 경제, 가장 강한 국경, 가장 강한 군대”를 갖고 있다면서 “지금이 진정 미국의 황금기”라고 말했다.",김지헌 기자,2025.09.24. 오전 5:41
머니투데이,"콜롬비아 대통령 ""미국군인, 트럼프 명령 거부해라"" 촉구",https://n.news.naver.com/mnews/article/008/0005256836?sid=104,"구스타보 페트로 콜롬비아 대통령이 미국 군인에게 도널드 트럼프 대통령의 명령에 복종하지 말 것을 촉구했다. 미국은 이를 선동적 행위로 규정, 페트로의 비자를 취소했다. 가자 전쟁·마약 정책·이민 문제 등 이슈로 양국 관계는 급냉각되고 있다. 26일(현지시간) 뉴욕에서 열린 제80차 유엔총회 기간 동안 콜롬비아 대통령 구스타보 페트로가 유엔 본부 앞 다그 하마르셸드 광장에서 열린 친팔레스타인 집회에서 연설하고 있다. /로이터=뉴스1 27일 로이터 통신에 따르면 페트로 대통령은 지난 26일(현지시간) 뉴욕 유엔 본부 앞에서 열린 친(親)팔레스타인 시위에서 미국 군인들을 향해 ""트럼프 대통령의 명령을 거부하고 인류의 명령을 따르라""고 촉구했다. 이에 미국 국무부는 ""페트로 대통령의 미국 비자를 취소하겠다""며 강경대응 입장을 밝혔다. 페트로는 유엔 총회 연설에서도 트럼프를 '가자지구 집단학살의 공범'으로 지목했다. 미국의 마약 단속 작전 미사일 공격에 대한 형사 책임도 요구했다. 가자지구 전쟁이 장기화 하는 가운데 이번 유엔 총회를 계기로 프랑스·영국·호주·캐나다 등이 팔레스타인 국가를 인정한 것과 달리 트럼프 행정부는 팔레스타인 국가 인정을 강하게 반대하고 있다. 미국은 콜롬비아의 최대 교역국이자 마약 단속 파트너다. 하지만 트럼프 재집권 이후 관계가 악화했다. 페트로가 불법 이민자 송환 항공편을 거부하며 갈등이 시작됐다. 이후 페트로는 미국의 관세 위협, 비자 중단 등 압박을 받고 이민자 송환을 수용했다. 최근 트럼프는 콜롬비아를 마약 단속 협약 불이행국 목록에 올리기도 했다. 미국의 협조가 미미하자 페트로 정부는 코카 재배 지역 통제 정책에서 큰 성과를 내지 못하고 있다. 페트로의 이날 연설은 가자 전쟁으로 촉발된 사태에 대한 견해를 밝힌 것이다. 가자 전쟁은 팔레스타인가자 지구와 이스라엘 간에 발생한 일련의 무력 충돌 사건이다. 2023년 10월7일 하마스의 공습으로 이스라엘에서 1200명이 사망했다. 이후 이스라엘 군사작전으로 팔레스타인 사람 6만5000명 이상이 사망했다. 인권 전문가들은 '집단학살(genocide)'로 규정하는 반면, 이스라엘은 자위권을 주장하고 있다. 마무드 아바스 팔레스타인 자치정부 수반은 미국이 비자를 거부해 화상으로 유엔에 참석하기도 했다.",김경렬 기자,2025.09.27. 오후 10:39
JTBC,"'ICE 반대'이민단속국 총격 사건…트럼프 ""급진 좌파 탓""",https://n.news.naver.com/mnews/article/437/0000458343?sid=104,"[앵커] 미국의 이민단속국 구금 시설에서 총격 사건이 발생해 수감자가 숨졌습니다. 트럼프 행정부는 즉각 좌파 때문이라며 책임을 돌렸습니다. 윤재영 기자입니다. [기자] 미국 텍사스주 댈러스의 이민세관단속국 구금 시설 앞에 경찰차가 서 있습니다. 이른 아침 총격신고를 받고 출동한 겁니다. 누군가 쏜 총탄에 멕시코인 수감자 1명이 숨지고 2명이 다쳤습니다. 경찰 조사 결과 총격범은 29살 조슈아 얀으로 확인됐습니다. 얀은 인근 건물 옥상에서 이민세관단속국을 노린 조준 사격을 한 뒤 스스로 목숨을 끊었습니다. 현장에서는 '이민단속국 반대' 문구가 적힌 총알이 발견됐습니다. 트럼프 대통령은 즉각 좌파를 겨냥했습니다. ""급진 좌파가 이민단속국을 악마화하고 나치에 비유한 결과""라며 ""좌파 테러조직을 해체하겠다""고 했습니다. 부통령과 국토안보부 장관도 한목소리로 좌파에 책임을 돌렸습니다. [J.D. 밴스/미국 부통령 : 텍사스 댈러스의 이민세관단속국 시설이 폭력적인 좌익 극단주의자의 총격을 받았습니다. 법집행기관을 향한 언어 공격을 멈춰야 하는 이유입니다.] 미국에서 이민 정책을 둘러싼 갈등은 물리적 충돌로 이어지고 있습니다. 지난달에는 배낭을 멘 남성이 해당 구금센터를 폭탄 테러하겠다고 위협했고 앞서 7월엔 다른 구금센터에서 총격사건이 벌어졌습니다. 미 국토안보부에 따르면 트럼프 대통령 취임 이후 6개월 동안 ICE 요원을 노린 폭력 사건은 전년 대비 8배 늘어난 79건이 접수됐습니다. [화면출처 FOX4news·유튜브 'CBSDFW'] [영상편집 김동준 영상디자인 봉아연]",윤재영 기자,2025.09.25. 오후 8:18
서울경제,[트럼프 스톡커]미국이 시진핑을 '글로벌 기후 리더'로 만들다,https://n.news.naver.com/mnews/article/011/0004538215?sid=104,"■윤경환 특파원의 트럼프 스톡커(Stocker) 트럼프 UN총회서 ""기후변화는 大사기극"" 독설 대선 때부터 에너지주 '요동'···마크롱도 美 비판 習은 ""온실가스 10% 감축""···WTO 개도국 포기 바이든 땐 ""선진국 책임""···리더십 공백 파고들어 中, 美고립주의 틈타 ""민주·자유·개방"" 연일 강조 시진핑 중국 국가주석이 지난달 31일 중국 톈진에서 열린 상하이협력기구(SCO) 정상회의에서 블라디미르 푸틴 러시아 대통령을 맞이하고 있다. AP연합뉴스 [서울경제] 도널드 트럼프 미국 대통령이 이달 UN총회에서 기후 위기를 ‘대(大)사기극’으로 몰고 가자 시진핑 중국 국가주석이 갑자기 태도를 바꿔 이른바 ‘녹색 리더십’을 강조하고 나섰다. 조 바이든 전 대통령 때까지만 하더라도 미국이 기후 위기를 중국의 산업 발전을 견제하는 수단으로 썼음을 감안하면 격세지감이라는 평가가 나온다. 중국은 최근 ‘세계 민주화’ ‘자유무역 수호’ ‘다자주의 회복’ 등 일당 독재 전체주의 국가로는 어울리지 않는 구호를 연일 외치면서 그간 미국이 패권을 쥐었던 국제 질서 곳곳을 공략하고 있다. 특히 트럼프 대통령의 관세 전쟁과 동맹·우방 홀대에 등을 돌린 국가들에 적극적으로 손을 내밀면서 대안 세력으로서의 지위를 확고히 하려는 모양새다. ━ 트럼프 “기후변화는 大사기극” 독설…마크롱 “소수의 냉소주의” 반박 도널드 트럼프 미국 대통령이 지난 23일(현지 시간) 미국 뉴욕 UN본부에서 열린 고위급 회기 기조연설에서 기후 변화에 대한 논의는 모두 사기라고 주장하고 있다. AP연합뉴스 지난 23일(현지 시간) 5년 만에 UN 총회장 연단에 선 트럼프 대통령은 예상을 깨고 57분이나 연설을 하며 UN을 향헤 독설을 퍼부었다. 트럼프 대통령은 미국 뉴욕 UN본부에서 열린 고위급 회기 기조연설에서 기후 변화 논의를 가리켜 “전세계에 저질러진 최대의 사기극”이라고 주장했다. 트럼프 대통령은 “1982년 UN환경계획(UNEP) 사무총장은 기후 변화가 2000년까지 전 세계적 재앙을 일으킬 것이라고 말했고, 또 다른 UN 관리는 1989년에 10년 안에 전체 국가들이 지구 온난화로 지도에서 사라질 수 있다고 말했다”며 “그런 일은 일어나지 않았다”고 주장했다. 트럼프 대통령은 또 “기온이 올라가든 내려가든 무슨 일이 벌어지든 기후 변화가 되는 것”이라며 “1920년대와 1930년대에는 지구 냉각이 세상을 멸망시킬 것이라고 했다”고 강조했다. 그러면서 “이 ‘녹색 사기(green scam)’에서 벗어나지 않으면 여러분의 나라는 실패할 것”이라며 “‘탄소 발자국(온실가스 배출량)’은 악의적 의도를 가진 사람들이 꾸며낸 사기”라고 지적했다. 트럼프 대통령은 유럽이 재생 에너지 발전을 통해 탄소 발자국을 줄인 결과 에너지 가격이 치솟고 생산 시설이 무너졌다며 중국을 저격하기도 했다. 트럼프 대통령은 “(그 사이 더 많은 탄소가) 중국과 그 주변에서 번영하는 다른 나라들에서 나왔다”며 “중국은 이제 세계의 모든 다른 선진국을 합친 것보다 더 많은 이산화탄소를 배출한다”고 말했다. 트럼프 대통령은 이날 기후 변화 외에도 글로벌 분쟁, 난민을 비롯한 이민 정책, 대(對)러시아 제재 등과 관련해서도 UN과 유럽은 하는 일이 없다고 타박했다. 트럼프 대통령은 다음 날인 24일 UN 기후 정상회의에도 참석하지 않았다. 이에 대해 에마뉘엘 마크롱 프랑스 대통령은 23일 기조연설에서 “기후 변화는 통제되지 못하고 있고 생물 다양성 붕괴는 계속되고 있다”며 “다수가 감수하려는 노력이 결정적 영향력을 가진 소수의 냉소주의에 가로막혔다”고 비판했다. ‘결정적 영향력을 가진 소수’란 트럼프 대통령과 미국 행정부를 암시하는 발언이었다. 마크롱 대통령은 이어 “현재 가장 큰 위험은 강자의 법칙, 즉, 소수의 이기심이 승리하는 것을 목격하는 것”이라며 “몇몇이 세계의 진로를 독단적으로 결정할 수 있다고 생각하고, 동등한 상호 존중 없이는 국제 공동체가 존재할 수 없다는 사실을 잊는 것”이라고 꼬집었다. ‘강자’ ‘소수’ ‘몇몇’이라고 돌려서 표현했지만 이 역시 사실상 트럼프 대통령과 미국을 겨냥한 말로 읽혔다. 마크롱 대통령은 아울러 “UN은 우리 모두”라며 “UN이 비효율적인 것은 소수, 흔히 가장 강력한 이들이 이를 막기 때문”이라고 반박했다. UN과 자신의 존재를 분리해서 발언한 트럼프 대통령의 말을 비꼰 셈이다. 마크롱 대통령은 “UN이 충분히 빨리 움직이지 않는다면 그것은 우리가 충분히 과단성을 보이지 않았기 때문”이라며 “위험은 분열, 강자의 법칙, 냉소주의에 있다. 다시 효율적인 다자주의를 구축하자”고 촉구했다. ━ 시진핑, 바로 다음 날 “온실가스 7~10% 감축”…첫 구체적 목표 제시 시진핑 중국 국가주석이 24일(현지 시간) 미국 뉴욕 UN본부에서 열린 UN 기후 정상회의에서 화상 연설자로 참여해 온실가스 감축 계획을 발표하고 있다. 이날 도널드 트럼프 미국 대통령은 이 회의에 참석하지 않았다. AP연합뉴스 트럼프 대통령이 기후 변화 논의에 대해 불만을 쏟아부은 다음 날, 중국의 시 주석은 마치 이 모든 것을 예상이라도 한 듯 사상 처음으로 온실가스 저감 계획을 발표했다. 전 세계 이산화탄소의 30% 이상을 배출하는 중국이 온실가스 배출량 감축 목표를 구체적인 수치로 내놓은 것은 이번 UN총회가 처음이었다. 중국이 배출하는 이산화탄소량은 연간 126억 톤가량에 달한다. 로이터·AP통신 등에 따르면 시 주석은 24일 UN 기후 정상회의에서 화상 연설자로 참여해 “2035년까지 중국 전체 경제 범위에서 온실가스 배출량을 고점 대비 7∼10% 감축할 것”이라며 “목표 달성을 더 하도록 노력할 것”이라고 밝혔다. 시 주석은 그러면서 “이는 각국의 온실가스 감축 목표(NDC)의 일환”이라며 “중국은 2035년까지 비(非)화석 연료 소비가 전체 에너지 소비의 30% 이상을 차지하게 될 것”이라고 주장했다. 시 주석은 세부적으로 “중국의 풍력·태양광 발전 설치 용량이 총 36억 킬로와트(㎾)에 도달하도록 노력할 것”이라며 “이는 2020년의 6배 이상 수준”이라고 설명했다. 또 “산림 축적량을 240억㎡ 이상 달성하고 전기·수소·하이브리드차가 신규 판매 차량의 주류가 되도록 할 것”이라고 덧붙였다. 시 주석은 “일부 국가가 에너지 전환에 역행하고 있는데, 국제 사회는 올바른 방향에 계속 집중해야 한다”며 미국을 때리는 언급도 내놓았다. 사이먼 스틸 UN 기후변화협약(UNFCC) 사무총장은 이에 대해 “미래의 세계 경제가 청정 에너지로 운영될 것이라는 분명한 신호”라며 “더 강하고 신속한 기후 행동이 더 많은 경제 성장, 일자리, 안전한 에너지, 깨끗한 공기, 건강을 의미한다”고 호평했다. 일각에서는 시 주석이 선보인 계획이 과학자들의 기대치에는 부족했다는 혹평도 나왔다. 다만 UN의 글로벌 기후 변화 대응과 탄소 저감 정책을 신랄하게 비판한 트럼프 대통령과 차별화하는 전략으로는 명백히 성공했다는 평가가 더 많았다. 당장 시 주석이 참석한 UN 기후 정상회의에도 트럼프 대통령은 참여하지 않았다. 트럼프 대통령과 유독 사이가 좋지 않은 매체인 뉴욕타임스(NYT)는 이에 대해 중국, 러시아, 일본, 독일 등 주요국을 비롯해 섬나라와 최빈국까지 해당 회의에 참석했지만 미국만 그 자리에 없었다고 보도했다. 이와 관련해서는 리창 중국 국무원 총리도 23일 UN 세계개발구상(GDI) 고위급 회의 연설에서 “녹색 격차 해소를 위한 신에너지 협력에 나서겠다”고 강조했다. 리 총리는 나아가 “중국은 책임지는 개도국으로서 세계무역기구(WTO)의 현재와 향후 협상에서 새로운 특별 차별 대우를 추구하지 않을 것”이라며 개도국 지위를 내려 놓겠다는 발언도 내놓았다. 2001년 WTO에 가입한 이래 협정 이행 유예, 기술 지원 등 개도국 지위로 받은 150여 개의 혜택을 포기하겠다는 의미였다. 이는 미중 무역 협상 과정에서 미국의 요구 사항을 일부 수용하겠다는 의지로도 풀이됐다. 온실가스 분야뿐 아니라 중국은 최근 세계 최대 청정에너지 투자국으로 급부상하기도 했다. 영국 싱크탱크인 엠버에 따르면 중국은 지난해 청정에너지 분야에 6250억 달러(약 876조 원)를 투자했다. 이는 전 세계 총투자액의 약 3분의 1에 달하는 규모다. ━ 바이든 때는 “선진국 책임”…習, 미국 리더십 공백 교묘히 파고들어 기후 변화와 온실가스 감축에 대한 최근 시 주석과 중국의 태도는 바이든 행정부 때와는 180도 다르다는 평가다. 바이든 행정부는 동맹과 연합해 미중 대결 구도를 형성하면서 기후 변화를 중국의 빠른 경제 성장을 견제하는 무기로 사용했다. 실제 지난 2021년 4월 미국 주도로 열린 기후 정상회의에서는 바이든 대통령이 “미국의 온실가스 배출량을 2030년까지 2005년의 절반 수준으로 줄일 것”이라며 공격적인 목표치를 제시했다. 바이든 대통령은 당시 “미국의 온실가스 배출 비중은 세계 전체의 15%도 안 된다”며 “각국이 더 높은 기후 목표를 설정해야 한다”고 압박했다. 미국이 온실가스 배출량 세계 2위인 점을 감안하면 사실상 1위인 중국을 겨냥한 발언이었다. 시 주석은 이에 대해 “탄소 배출에 더 많은 책임이 있는 선진국들이 기후 목표와 행동 수준을 높여야 한다”고 맞받아쳤다. 시 주석은 구체적인 온실가스 감축 목표는 언급하지도 않은 채 “개발도상국이 기후 변화 대처 능력을 높이고 녹색·저탄소 성장으로 전환할 수 있도록 선진국이 자금·기술 등 구체적인 노력을 다할 필요가 있다”고 쏘아붙였다. 미국이 글로벌 기후 변화 리더십을 포기한 틈을 시 주석이 교묘하게 파고든 것은 트럼프 대통령이 이미 이번 UN 총회 이전부터 관련 움직임을 수 차례 내비쳤기 때문으로 풀이된다. 트럼프 대통령은 첫 번째 집권 기간에도 파리기후협약 탈퇴를 선언한 바 있다. 이어 바이든 전 대통령이 이를 되돌려 놓자 올 1월 백악관 복귀 직후 다시 협약 탈퇴를 추진했다. 트럼프 대통령은 또 재취임 첫날부터 민주당 정부의 그린 뉴딜 정책을 폐기하고 에너지 비상 사태를 선포하기도 했다. 이후 화석 연료 등 전통 에너지 관련 규제를 꾸준히 완화하고 있다. 지난 7월 23일 백악관 홈페이지에 공개한 ‘인공지능(AI) 경쟁에서 승리하기:미국의 AI 행동 계획’ 문서에서는 “미국의 에너지 생산능력은 1970년대 이후 정체된 반면 중국은 전력망을 빠르게 확장했기에 AI 지배력을 확보하려면 이 추세를 반드시 바꿔야 한다”며 이를 원자력발전 확대 정책의 근거로 제시했다. 트럼프 대통령의 이 같은 에너지 철학은 지난해 대선 기간부터 전 세계 에너지주와 원전주 등의 주가를 요동치게 만들었다. NYT는 “각국은 온실가스 배출을 줄이기 위한 노력을 가속하겠다고 잇따라 밝혔다”며 “그 자리에 참석하지 않은 미국은 사실상 외톨이나 다름없었다”고 비판했다. ━ “민주화” “자유무역” “경제 개방” “UN 중심”…중국, 美 기존 가치 연일 주창 리창(오른쪽) 중국 국무원 총리가 지난 7월 24일(현지 시간) 중국 베이징에서 열린 중국·유럽연합(EU) 기업인 행사에 참석해 우르줄라 폰데어라이엔 EU 집행위원장 옆에서 발언하고 있다. 로이터연합뉴스 시 주석이 트럼프 대통령을 계기로 최근 미국의 글로벌 주도권을 가져오려고 시도하는 분야는 비단 기후 변화 부문뿐이 아니다. 중국은 최근 ‘브릭스(브라질·러시아·인도·중국·남아프리카공화국 등 신흥 경제 5개국)’를 중심으로 자유 무역과 국제 민주화, 다자주의, 개방 경제, UN·WTO 체제 사수를 연일 부르짖고 있다. 시 주석은 이달 1일 중국 톈진에서 열린 상하이협력기구(SCO) 정상회의에서도 “UN을 중심으로 한 국제 체계와 국제법 기반의 질서를 유지하고 다자주의의 기초를 다져야 한다”며 “경제 세계화는 막을 수 없는 역사적 흐름이고 각국 발전은 개방과 협력의 국제 환경 없이는 불가능하다”고 설파했다. 이어 “국제 정세가 어떻게 변하든 우리는 개방형 세계 경제 건설을 확고히 추진하고 개방 속에서 기회를 나누고 상생을 실현해야 한다”며 “WTO를 중심으로 한 다자 무역체제를 수호하고 모든 형태의 보호주의를 반대해야 한다”고 목소리를 높였다. 시 주석은 8일 브릭스 정상회의에도 화상으로 참여해 “세계에 패권주의, 일방주의, 보호주의가 매우 만연하고 있다”며 “일부 국가는 잇따라 무역 전쟁과 관세 전쟁을 일으켜 세계 경제에 충격을 주고 국제 무역 규칙을 심각하게 훼손하고 있다”고 비난했다. 그러면서 “브릭스 국가들은 글로벌 사우스(Global South·주로 남반구에 위치한 신흥국과 개도국을 통칭)의 최전선에서 다자주의와 다자 무역 체제를 수호해야 한다”며 “국제 관계의 민주화를 적극적으로 추진해 글로벌 남반구 국가들의 대표성과 발언권을 높여야 한다”고 주장했다. 리 총리도 23일 UN GDI 고위급 회의에서 “현재 일방주의와 보호주의가 고조되면서 국제 개발 협력이 심각한 충격을 받았고 세계 경제 성장 동력은 약해졌다”며 “우리는 응당 UN을 핵심으로 하는 국제 시스템을 수호하고 다자주의, 자유무역을 견지해 개방형 세계 경제를 구축하는 데 노력해야 한다”고 강조했다. 또 최근 대외 원조 조직인 국제개발처(USAID)를 해체한 트럼프 행정부를 조준하며 “일부 선진국은 개발 자금 조달 등 약속을 이행하려 하지 않고 심지어 국제개발기구에 자금 공급을 끊었다”고 지적하기도 했다. 그는 이 자리에서 중국을 중심으로 한 글로벌 AI 기술 공유도 촉구했다. 상당수 외신들은 트럼프 대통령이 고립주의에 가까운 미국 우선주의를 앞으로 계속 고수할 경우 시 주석이 외려 반사 이익을 얻을 수 있다고 경고하고 있다. 사실 알고 보면 중국은 최근 성장 둔화와 경기 침체, 실업 확산 우려로 몸살을 앓고 있는 국가다. 트럼프 대통령이 취임하기 전부터 고도 성장이 멈췄다는 경고음이 곳곳에 들리면서 시 주석의 정치적 위상도 조금씩 흔들리기 시작했다. 그러다가 트럼프 대통령이 극단적 무역 정책으로 중국의 시선을 외부로 돌리게 하면서 시 주석의 국제적 위상을 거꾸로 키우고 있다는 진단이다. NYT는 24일 “최근 많은 세계 지도자들은 미국과 함께하든, 그렇지 않든 에너지 전환을 계속 추진하겠다고 밝혔다”고 보도했다. ※'트럼프 스톡커(Stocker)'는 도널드 트럼프 대통령 시대에 투자에 도움이 될 만한 미국의 시장·기업·정책·정치·외교 관련 현장 이야기와 현안 분석을 전달하는 코너입니다. 구독하시면 유익한 미국 소식을 받아보실 수 있습니다.",윤경환 기자,2025.09.27. 오전 8:01
아시아경제,"미국인 4명 중 3명 ""트럼프, 노벨평화상 자격 없다""",https://n.news.naver.com/mnews/article/277/0005657092?sid=104,"응답자 53% ""트럼프 반대"" 미국인 4명 중 3명은 도널드 트럼프 대통령이 노벨평화상을 받을 자격이 없다고 생각하는 것으로 나타났다. 워싱턴포스트(WP)와 여론조사업체 입소스가 미국 성인 2513명을 대상으로 실시해 23일(현지시간) 공개한 전국 여론조사에 따르면 미국인의 76%는 트럼프 대통령의 노벨평화상 수상에 부정적인 반응을 보였다. 트럼프 대통령이 노밸평화상을 받을 자격이 있다고 응답한 비율은 22%에 불과했다. 특히 소속 정당인 공화당 지지층조차 트럼프 대통령의 노벨평화상 수상에 대해 찬성과 반대가 각각 49%로 팽팽하게 맞섰다. 민주당 지지자 중에서 트럼프 대통령이 노벨평화상을 받을 자격이 있다고 응답한 비율은 3%에 그쳤다. 트럼프 대통령은 최근 노벨평화상 수상에 대한 공개적인 바람을 드러내왔다. 캐롤라인 레빗 백악관 대변인까지 가세해 최근 언론 브리핑에서 트럼프 대통령이 한 달에 한 번꼴로 평화협정이나 휴전을 중재했다면서 ""노벨평화상을 줄 시점이 이미 지났다""고 밝혔다. 앞서 베냐민 네타냐후 이스라엘 총리도 백악관 방문 당시 트럼프 대통령을 노벨평화상 후보로 추천한 서한을 선물하기도 했다. 미국인들이 트럼프 대통령의 노벨평화상 수상에 부정적인 반응을 보인 데는 그의 지지율과 관련이 있다. 여론조사 결과 응답자의 53%는 트럼프 대통령에 대한 반대 입장을 밝혔고, 41%만 지지한다고 답했다. 트럼프 대통령을 비판하는 응답자의 20%는 이민 정책을 가장 큰 문제로 꼽았다.13%는 상호 관세 정책이 문제라고 봤다. 민주주의 및 헌법 파괴가 문제라고 응답한 비율도 9%나 됐고, 트럼프 대통령의 정책 전부가 문제라는 응답도 9%로 나타났다. 다만 트럼프 대통령을 지지하는 응답자들 사이에선 55%가 이민 정책을 가장 잘한 일이라고 평가했다.",김민영 기자,2025.09.24. 오후 4:01
헤럴드경제,"한국전람㈜ 해외 유학 박람회/이민·투자 박람회, 서울·부산서 개최…...",https://n.news.naver.com/mnews/article/016/0002536325?sid=101,"오는 10월 11일(금)~12일(토) 서울 코엑스, 11월 22일(금)~23일(토) 부산 벡스코에서 열리는 이번 박람회는 한국전람㈜이 주최하는 국내 최대 규모의 해외 진출 전문 행사다. 1992년 첫 개최 이후 34년 동안 누적 110만 명의 방문객과 1만여 개의 해외 대학·기업·기관이 다녀간, 그야말로 해외 진출의 관문으로 자리매김해 왔다. 올해 박람회의 핵심은 세미나다. 단순히 홍보를 위한 강연이 아니라, 총 93개의 세션이 마련되어 각국의 공신력 있는 기관과 전문가가 직접 나서 실제 입학 제도·비자 정책·투자 절차·생활 정보를 공개한다. 미국 국무부 EducationUSA가 주관하는 미국대학유학 세미나, 대한유학협회가 준비한 전문 진학 로드맵, 주요 대사관과 정부기관이 직접 참여하는 비자·장학금·정책 세미나는 이번 박람회에서만 들을 수 있는 특별한 프로그램이다. 뿐만 아니라, ‘유학Talk·이민Talk 북토크’에서는 선배 유학생과 글로벌 인플루언서 12명이 무대에 올라 해외 생활의 진짜 이야기를 들려준다. 교과서에 없는 경험, 성공과 좌절의 순간, 그리고 다시 도전할 용기까지. 참가자들은 이들의 생생한 이야기를 통해 자신만의 답을 찾을 수 있다. 이번 박람회는 정규유학, 어학연수, 교환학생, 워킹홀리데이에서부터 취업·투자·은퇴 이민, 미국 EB-5 투자 프로그램, 말레이시아 MM2H 장기 체류 제도까지 아우른다. 단순히 정보를 모으는 자리가 아니라, “나에게 맞는 새로운 인생 설계도”를 직접 그려볼 수 있는 무대다. 주최 측은 올해처럼 방대한 규모와 깊이를 갖춘 세미나는 앞으로도 쉽게 만나기 어렵다며 이번 박람회는 참가자들에게 단순한 선택지가 아니라, 인생의 전환점이 될 수 있는 기회가 될 것이라고 전했다. 한편 한국전람㈜은 1988년부터 전시회를 전문적으로 기획·주최해온 전문 전시회사로, 올바른 유학 및 이민 정보를 널리 전달하기 위해 정확한 정보 중심의 박람회를 운영해오고 있다. 이번 박람회 역시 신뢰할 수 있는 기관과 전문가가 한자리에 모이는 실질적 정보 교류의 장이 될 전망이다. 사전등록시 무료입장이 가능하며, 자세한 내용은 한국전람㈜ ‘해외유학박람회’ 홈페이지에서 확인할 수 있다",,2025.09.29. 오전 10:33
한국일보,"[속보]미국 이민단속국 구금 시설서 총격…1명 사망, 총격범은 자살",https://n.news.naver.com/mnews/article/469/0000889102?sid=104,"""총격범, 저격수일 가능성"" 24일 총격이 발생한 미국 텍사스주 댈러스의 이민세관단속국(ICE) 현장 사무소 인근에서 경찰차와 소방차가 대기하고 있는 모습. 댈러스=로이터 연합뉴스 미국 텍사스주 댈러스의 이민세관단속국(ICE) 현장 사무소에서 총격이 발생해 1명이 숨지고 2명이 부상을 당했다. 총격범은 현장에서 숨진 채 발견됐다. 24일(현지시간) AP·로이터통신 등에 따르면 이날 오전 7시 30분쯤 댈러스 ICE 현장 사무소에서 발생한 총격이 발생했다. 댈러스 경찰청은 ""오전 6시 40분쯤 경찰이 신고를 받고 출동했으며, 한 사람이 인근 건물에서 정부 시설을 향해 발포한 것으로 확인됐다""고 밝혔다. 이날 총격으로 현장에서 1명이 사망했고 2명이 부상을 입었다. 총격 피해자 세 명 중 두 명은 구금된 사람이라고 미 CNN방송은 전했다. 총상을 입은 두 명은 병원으로 이송됐으나 현재 위중한 상태다. 라이언스 대행은 ""(총격 피해자들은) 직원일 수도 있고, 시설을 방문한 민간인일 수도 있으며, 구금자일 수도 있다""며 ""아직 확인 중""이라고 밝혔다. 현지 지역 매체인 WFAA는 소식통을 인용해 총격범이 인근 건물 옥상에서 숨진 채 발견됐다고 보도했다. 토드 라이언스 ICE 국장 대행은 CNN에 ""초기 정보상 (총격범은) 저격수일 가능성이 있다""고 전했다. 또 수사당국은 용의자의 시신 근처에서 '반(反)ICE' 관련 메시지가 적힌 탄환을 회수했다고 밝혔다. 이번 사건이 불법 이민자 추방 정책과 연관된 것으로 확인될 경우 파장이 일 것으로 보인다. 사건이 일어난 해당 사무소는 이민자 신분 심사 및 석방 여부 결정이 이뤄지는 장소다. 트리샤 맥러플린 미 국토안보부(DHS) 대변인은 ""총격이 ICE 현장사무소에서 발생했다""며 ""구금 시설은 아니었다""고 밝혔다. 미 폭스뉴스는 댈러스 경찰청을 인용해 피해자들이 이민자 송환 절차를 위해 건물 안으로 안내를 받던 중이었다고 전했다. 이곳은 지난 8월 25일 폭탄 위협을 받아 대피령이 내려진 적이 있는 것으로 알려졌다. 크리스티 놈 DHS 장관도 엑스(X)를 통해 다수의 부상자와 사망자가 발생했으며, 총격범이 자살로 사망했다고 밝혔다. 그러면서 ""동기는 아직 불분명하지만, 최근 ICE 요원을 겨냥한 공격이 증가하고 있다""고 지적했다. 앞서 7월 4일 댈러스 인근 알바라도의 ICE 구금 시설에서 총격이 발생, 경찰관 한 명이 목에 총상을 입었다. 같은 달 7일에도 매캘런 소재 미국 국경순찰대 시설에서 한 남성이 연방 요원들을 향해 총격을 가했다. 당시 용의자는 현장에서 사살됐다. 24일 총격이 발생한 미국 텍사스주 댈러스의 이민세관단속국(ICE) 현장 사무소 인근에서 경찰관이 길거리를 막고 있다. 댈러스=AP 연합뉴스",손성원 기자,2025.09.24. 오후 10:51
한국경제,"""미국發 10만 달러 비자 폭탄""…캐나다가 웃는 이유 [글로벌 머니 X파일...",https://n.news.naver.com/mnews/article/015/0005188611?sid=101,"사진=로이터 글로벌 인재 시장의 지형이 크게 흔들릴 것이라는 전망이 나온다. 최근 세계 최대 인재 흡수국인 미국이 이른바 ‘인재 수입 관세’를 부과하기로 하면서다. 글로벌 기업의 인재 확보 비용 구조를 재편하고, 국가 간 인재 유치 경쟁을 촉발할 것이라는 분석이 나온다. 미국, 10만 달러 ‘입국 조건’ 부과 23일 로이터통신에 따르면 미국 정부는 지난 9월 21일 0시 1분(미국 동부 표준시)을 기점으로 신규 전문직 취업비자(H-1B) 신청자에게 10만 달러의 추가 비용을 부과하는 조치를 단행했다. 도널드 트럼프 미국 대통령이 지난 19일 서명한 ‘특정 비이민 노동자 입국 제한’에 대한 행정명령에 서명하면서다. ChatGPT Image 해당 행정명령은 9월 21일부터 12개월간 한시적으로(연장 가능) 신규 H-1B 비자를 받아 입국하려는 외국인에 대해 고용주가 10만 달러의 비자 수수료를 납부하도록 의무화했다. 트럼프 대통령은 서명식에서 “생산적인 인력을 미국에 머물게 하고, 기업들은 이를 위해 많은 비용을 지불할 것”이라고 말했다. 매년 납부하는 것은 아니다. 기존 해당 비자 보유자의 재입국에도 부과하지 않는다. 미국 행정부는 해당 정책의 명분으로 자국 노동시장 보호를 내세웠다. 2000년에서 2019년 사이 외국인 STEM(과학·기술·공학·수학) 인력이 120만 명에서 250만 명으로 2배 이상 증가했다고 백악관은 설명했다 H-1B 내 정보기술(IT) 직군 비중이 최근 5개년 평균 65%를 상회했다고 지적했다. 하워드 러트닉 미국 상무장관은 “미국인 양성에 투자하라. 일자리를 빼앗는 해외 인력 유입을 멈춰라.”고 강조했다. 글로벌 인재 채용 시장 급변 미국의 새로운 비자 비용이 실제 기업에 미치는 영향은 막대하다. 보통 TCO(한 명의 인재를 채용하고 회사에서 근무하는 전체 기간 발생하는 모든 관련 비용)가 주로 연봉, 복리후생, 교육비 등으로 구성됐다. 이제는 10만 달러가 넘는 막대한 ‘인재 취득세’가 초기 비용에 추가됐다. 인재 채용은 단순한 인사 관리에서 재무적 투자 영역으로 바뀌었다. 앞으로 미국 기업의 최고재무책임자(CFO)는 특정 인재를 해외에서 직접 채용하는 것이 과연 10만 달러 이상의 초기 투자 가치가 있는지를 ROI(투자수익률) 관점에서 냉정하게 분석해야만 한다. H-1B 비자는 더 이상 범용적인 숙련직 채용 통로가 아닌, 대체 불가능한 최상위 핵심 인재를 위한 ‘프리미엄 채널’로 그 역할이 축소될 가능성이 크다. 이런 변화에 가장 민감하게 반응한 곳은 미국 빅테크와 금융권이었다. H-1B 비자를 가장 많이 활용하는 마이크로소프트, JP모간 등은 대통령 행정명령 서명 직후 긴급 내부 공지를 통해 “H-1B 직원은 미국 내 체류를 유지하고, 해외 체류자는 시행 전 복귀하라”고 권고했다. 이는 정책 집행 과정의 불확실성이 터질 수 있는 최악의 시나리오인 기존 직원의 재입국 불가 사태를 막기 위한 선제적 리스크 관리 조치다. 스타트업 생태계 역시 큰 충격에 빠졌다. 자금력이 취약한 스타트업에 10만 달러의 추가 비용은 치명적이다. 시애틀의 스타트업 아웃리치의 공동창업자 매니 메디나는 링크트인에 “이제 H-1B 후원은 엄청나게 비싸졌고, 토론토, 밴쿠버, 런던 같은 도시들이 그 인재들을 데려갈 것”이라고 경고했다. 미국 유명 액셀러레이터인 와이컴비네이터의 최고경영자(CEO) 개리 탄도 “초기 단계의 팀들은 그 세금을 감당할 수 없다”고 우려했다. 이런 고비용 구조가 스타트업의 성장을 막고, 결과적으로 미국 경제의 혁신 동력을 약화할 수 있다는 지적이다. 커지는 ‘비자 차익거래’ 시장 H-1B 비자의 비용 장벽이 높아지면서 미국 기업과 글로벌 인재는 다른 합법적인 경로로 눈을 돌리고 있다. 이른바 ‘비자 차익거래’라고 불릴 만한 새로운 시장이 생겼다는 분석이다. 가장 주목받는 대안은 O-1(특기자) 비자와 L-1(주재원) 비자다. O-1 비자는 과학, 예술, 비즈니스 등 분야에서 ‘비범한 능력(extraordinary ability)’을 입증한 개인에게 제공한다. O-1 비자는 추첨이나 연간 쿼터 제한이 없다. 비용도 저렴하고 무기한 갱신도 가능하다. 업계에선 미국 기업들이 필요한 인재를 O-1 비자 요건에 맞추기 위해 논문 발표, 학회 강연, 수상 경력 등을 체계적으로 관리해주는 ‘O-1 인큐베이팅’에 투자할 것이라는 분석도 나온다. L-1 비자는 다국적 기업이 해외 지사에서 1년 이상 근무한 직원을 미국 지사로 파견할 때 사용된다. 신규 채용에는 사용할 수 없다는 한계가 있다. 하지만 기존 직원을 이동시키는 경우에는 H-1B보다 저렴하고 예측할 수 있는 대안이 될 수 있다. 다국적 기업들은 글로벌 인력 배치 전략을 수정해 미국으로 보내려는 핵심 인재를 우선 캐나다나 유럽 지사에서 1년간 근무시킨 후 L-1 비자로 미국에 입국시키는 우회로를 적극 활용할 것이라는 전망도 나온다. ‘니어쇼어링’ 인재 허브 부상 미국 국경을 맞댄 캐나다와 멕시코에 주목하는 미국 기업도 있다. 이곳이 ‘니어쇼어링’ 방식의 인재 허브로 성장할 수 있다는 분석이다. 니어쇼어링은 기업이 생산 거점이나 서비스를 자국과 지리적으로 가까운 국가로 이전하는 경영 전략이다. 오프쇼어링(멀리 떨어진 해외로 생산을 이전)과 리쇼어링(해외 생산을 다시 본국으로 복귀) 사이 중간 개념이다. 캐나다 정부는 수년 전부터 ‘글로벌 기술 인재 스트림’과 같은 프로그램을 운영하고 있다. 숙련된 기술 인력에게 2주 안에 취업 허가를 내주는 인재 유치 정책이다. 미국의 H-1B 추첨에서 탈락한 고급 인력들은 캐나다로 향하는 것은 이미 업계의 트렌드다. 10만 달러의 장벽으로 캐나다의 이런 매력을 더욱 커졌다. 이런 현상은 북미 대륙 전체의 기술 생태계를 재편할 수도 있다. 미국의 인재 정책이 의도치 않게 자국 기업들의 R&D 및 기술 부서 해외 이전을 촉진하는 ‘산업 공동화’로 이어질 수 있다는 분석도 나온다.  '자국민 일자리 보호'라는 정책 목표가 오히려 고임금 기술 일자리를 국경 너머로 밀어내는 결과를 초래할 수 있는 것이다. 장기적으로 미국의 기술 경쟁력에 부정적인 영향을 미칠 수 있다. 캐나다는 이 과정에서 북미의 새로운 기술 중심지로 성장하는 반사 이익을 누리게 될 전망이다. 영국은 전 세계 인재를 유치하기 위해 전문직 비자 수수료 면제를 검토하고 있다. 파이낸셜타임스(FT)에 따르면 영국 총리실은 ‘글로벌 인재 태스크포스(TF)’를 꾸리고 과학·디지털 등 각 분야 전문가를 영입하는 방안을 모색하고 있다. 이 중 최상위급 전문가의 비자 수수료를 폐지하는 안이 유력하게 거론된다. 세계 상위 5개 대학 출신자나 권위 있는 상을 받은 인재 등에게 비자 수수료를 면제할 방침이다. 영국은 2020년부터 ‘글로벌 인재 비자’ 제도를 도입해 운영 중이다. 과학·공학·인문학·의학·디지털·예술 분야 전문가가 대상이다. 비자 취득 시 5년간 체류할 수 있으며 연장도 가능하다. 일정 조건 충족 시 영주권도 신청할 수 있다. 하지만 이 비자는 취득이 힘들고 비용이 높다는 지적을 받아 왔다. 글로벌 인재 비자 신청비는 766파운드다. 가족 동반 시 배우자와 자녀도 동일한 수수료를 내야 한다. 여기에 통상 1인당 연간 1035파운드의 건강 부담금까지 부과된다. 영국 정부 관계자는 FT에 현 글로벌 인재 비자 제도를 “관료적 악몽”이라고 평가했다. 이 관계자는 “비자 절차를 더 원활히 진행할 수 있도록 돕는 방안도 마련하고 있다”고 말했다. 글로벌 혁신 산업 판도 바뀌나 미국의 ‘인재 수입 관세’는 글로벌 거시경제에 복합적인 파급 효과도 나타날 전망이다. 인플레이션 압력 가중, 장기적인 혁신 동력의 재편, 글로벌 자본 흐름의 변화 등이 대표적이다. 단기적으로 10만 달러의 추가 비용은 기업의 운영 비용을 증가시켜 인플레이션 압력을 더할 수 있다. 해외 인재 채용 비용의 증가는 제품 및 서비스 가격 상승으로 이어질 가능성이 크다. 인력난이 심각하고 H-1B 의존도가 높은 기술 및 전문 서비스 분야에서 이런 현상이 두드러질 수 있다. 인재 확보 비용의 증가는 자동화 및 인공지능(AI) 기술 도입을 가속하는 요인으로 작용할 수 있다. 단기적으로는 생산성 향상으로 이어질 수 있다. 하지만 기술 도입에 따른 막대한 초기 투자 비용 역시 물가 상승 압력으로 작용할 수 있다. 장기적인 혁신 동력의 재편될 전망이다. 미국은 오랫동안 전 세계의 인재를 흡수하며 기술 혁신을 주도해왔다. H-1B 비자는 연간 총 8만5000개의 쿼터로 운영되며 기술 혁신의 핵심 통로 역할을 해왔다. 미국 실리콘밸리의 성공 신화는 이민자 출신 창업가들과 엔지니어들의 기여 없이 불가능했다. 그러나 10만 달러라는 높은 비용 장벽은 이런 인재 흐름을 막을 수 있다. 인재가 미국 대신 캐나다, 유럽, 아시아 등 다른 지역으로 발길을 돌린다면, 장기적으로 미국의 기술 경쟁력은 약화할 수 있다. 이는 글로벌 혁신의 중심지가 미국 일극 체제에서 다극 체제로 전환되는 계기가 될 수 있다. 전 세계 산업 클러스터의 지형을 바꾸는 구조적 변화로 이어질 것이라는 분석도 나온다. 미국의 정책이 자국 내 혁신 생태계를 위축시키고 경쟁국의 기술 추격을 허용하는 자충수가 될 수 있다는 경고가 나오는 이유다. 한국 기업은 인력 운용 딜레마 최근 미국 투자를 확대한 한국 기업의 부담도 커졌다. 일부 한국 기업은 반도체, 전기차 배터리 등 첨단 산업 분야에서 미국 내 공급망 재편에 발맞춰 수백억 달러 규모를 미국에 투자했다. 이런 투자의 성공은 한국 본사에서 파견된 숙련된 엔지니어와 기술자들의 역할에 크게 의존하기 쉽다. 이들은 공장 설립 초기 단계의 설비 구축과 공정 안정화, 현지 인력 교육 등 핵심적인 역할을 수행한다. 그러나 10만 달러의 H-1B 입국 수수료 신설은 한국의 인력 파견 모델의 비용 구조를 무너뜨렸다. 예를 들어 100명의 기술자를 미국 공장에 파견해야 하는 기업은 비자 수수료로만 1000만 달러가 추가된다. 단순히 비용 증가 문제를 넘어 투자 프로젝트의 일정 지연, 품질 저하, 투자 효과 반감 등으로 이어질 수 있다. 그동안 한국 기업은 H-1B 비자의 높은 장벽과 복잡한 절차 때문에 단기 출장용 비자인 B-1 비자나 비자면제프로그램(ESTA)을 통해 기술 인력을 미국에 보내왔다. 이는 현지 설비 설치, 기술 자문, 긴급 보수 등 단기 업무를 수행에서 불가피한 선택으로 여겨졌다. 그러나 최근 미국 조지아주 배터리 공장 건설 현장에서 발생한 대규모 이민 단속은 이런 관행이 더 이상 유효하지 않다는 것을 보여줬다. 당시 단속에서 구금된 약 300명의 한국인 근로자 대부분이 ESTA나 B-1 비자 소지자로 알려졌다. 한국 기업은 진퇴양난의 상황에 빠졌다는 지적이 나온다. 비공식적인 통로였던 ESTA/B-1 활용은 단속 강화로 법적 리스크가 극도로 커졌다. 공식적인 통로인 H-1B 비자는 10만 달러라는 비용 장벽으로 인해 사실상 막혀버렸기 때문이다. 대안으로 ‘E-4 전문직 비자 쿼터’ 확보 등이 거론된다. E-4 비자는 한미 자유무역협정(FTA) 체결 이후 꾸준히 논의되어온 비자 형식이다. 한국 국적의 전문직 종사자에게만 할당되는 별도의 비자 카테고리를 신설하자는 제안이다. 미국의 E-4 전문직 비자 쿼터는 아직 없다. 관련 법안이 미국 의회에 계류된 상태다. 관련 주요 발의 내용을 보면 연간 최대 1만5000개로 제안돼 있다. [글로벌 머니 X파일은 중요하지만 잘 알려지지 않은 세계 돈의 흐름을 짚어드립니다. 필요한 글로벌 경제 뉴스를 편하게 보시려면 기자 페이지를 구독해 주세요]",김주완 기자,2025.09.23. 오전 7:01
뉴시스,"""미국진출 도와드려요""…중기중앙회, 전략 세미나 실시",https://n.news.naver.com/mnews/article/003/0013501717?sid=101,"""이민법과 비자 규정 준수가 중요"" [서울=뉴시스] 김진아 기자 = 지난 23일 제주 롯데호텔에서 열린 '2025 중소기업 리더스포럼'에서 참석자들과 기념 촬영을 하고 있다. (사진=중소기업중앙회 제공) 2025.09.24. photo@newsis.com *재판매 및 DB 금지 [서울=뉴시스]강은정 기자 = 중소기업중앙회(중기중앙회)가 중소기업의 미국 진출을 지원하고자 팔을 걷어붙였다. 중기중앙회는 24일 제주 서귀포시 롯데호텔에서 '중소기업 미국 진출 전략 세미나'를 열고 관련 지원 방안을 논의했다. '2025 중소기업 리더스포럼'의 일환인 이번 행사는 중소기업에 미국 금융·보험·법률·행정 분야의 실질적 정보를 제공하고자 마련됐다. 김기문 중기중앙회장, 황병구 미국한인상공회의소총연합회장을 포함해 중소기업 대표 등 200여명이 참석했다. 미국에 진출한 강동한 한호산업 대표는 ""송금·결제 방식 등 현지 금융 거래 절차가 복잡하고 주별로 세법과 노동법이 달라 높은 법률 비용과 시간이 소요된다""고 언급했다. 미국 진출을 준비 중인 한종우 한울생약 대표는 ""제품표시 의무 등 미국 내 환경·소비자 규제가 강화되면서 리스크 관리가 힘들어졌고 한·미 보험제도 차이에 따른 보험료 산정이 어렵다""고 말했다. 스콧 리 LBBS 로펌 파트너 변호사는 미국 진출 시 법적 유의 사항을 안내하며 ""이민법과 비자 규정을 철저히 준수하는 것이 중요하고 광고·라벨링 문구는 과학적 시험 결과와 증빙 자료로 뒷받침해야 한다""고 조언했다. 박기홍 허브인터내셔널보험 회장은 ""미국 진출 기업의 경우 종업원 상해보험, 제품책임보험, 고용주 책임보험 가입은 필수이며 미가입 시 막대한 보상금이나 과징금, 심지어 형사 책임까지 발생할 수 있다""고 강조했다. 김 회장은 ""도널드 트럼프 행정부의 고관세 정책으로 한국 중소기업의 미국 진출에 대한 관심과 수요가 커지고 있지만, 조지아주 비자 관련 한국인 구금 사태에서 드러난 것처럼 사전에 꼼꼼히 점검하고 대비해야 할 요소가 많다""고 했다. 그러면서 ""한국 기업문화에 대한 이해가 높고 전문성이 뛰어난 한인 인프라를 적극 활용하는 것도 좋은 해법이 될 수 있을 것""이라고 제언했다.",강은정 기자,2025.09.24. 오전 10:20
연합뉴스TV,미이민당국 구금시설에 총격…트럼프 강경정책에 반발?,https://n.news.naver.com/mnews/article/422/0000784970?sid=104,"[앵커] 최근 3백명이 넘는 한국인들이 미국 이민당국 구금시설에 억류됐었는데요. 텍사스에서 이민당국의 구금시설을 겨냥한 총격 사건이 벌어져 구금자 3명이 죽거나 다쳤습니다. 트럼프 행정부의 강경한 이민정책에 반발한 사건으로 보입니다. 워싱턴 정호윤 특파원입니다. [기자] 현지시간 24일 오전, 미국 텍사스주 댈러스에 있는 이민세관단속국 ICE 구금시설에서 여러 발의 총성이 울렸습니다. 용의자는 인근 건물 옥상에서 구금시설을 향해 총격을 가한 것으로 전해졌습니다. 시설에 억류 중이던 3명이 총에 맞았고 1명이 숨졌습니다. 용의자도 스스로 목숨을 끊은 것으로 알려졌습니다. 숨진 용의자 주변에서는 이민당국 '아이스'를 반대한다는 문구가 적힌 탄환이 발견됐습니다. <조셉 로스록 / 댈러스 담당 FBI 요원> ""확인한 바에 따르면, 용의자로 추정되는 총격범 근처에서 발견된 탄환에는 반(反) ICE 성격의 메시지가 담겨 있었습니다."" 현지당국은 총격범이 이념적 동기를 갖고 총격을 가한 것으로 보고 경위 파악에 나섰습니다. 이 구금시설에는 지난달에도 폭탄 공격 위협이 있었다고 당국자들은 전했습니다. <테드 크루즈 / 미 공화당 상원의원> ""텍사스에서 이민당국을 겨냥한 세 번째 총격 사건입니다. 멈춰야 합니다."" 이민당국이 불법 체류자들을 상대로 엄격한 단속을 이어가면서 크고 작은 사건이 끊이질 않고 있습니다. 지난 7월 텍사스주에 있는 또다른 이민자 구금시설에서는 괴한들에 의해 경찰관 1명이 총격을 받아 부상을 입었고, 이달 초 시카고에서는 자녀들을 학교에 내려주고 돌아가던 멕시코 남성이 이민당국 요원의 총격을 받고 사망했습니다. 우리 근로자들도 작업 도중 무더기로 체포돼 조지아주에 있는 이민당국 구금시설에 일주일 동안 억류됐었습니다. 하지만 트럼프 대통령은 전날 유엔총회 연설에서도 불법 이민자에겐 자비를 베풀 뜻이 없음을 거듭 강조했습니다. 이민세관단속국은 조직 규모를 대대적으로 늘리며 단속에 고삐를 죄고 있습니다. 과잉진압이라는 일부 비판에도 강력한 이민정책에는 변화가 없을 거라는 트럼프 행정부의 답변인 셈입니다. 워싱턴에서 연합뉴스TV 정호윤입니다. [영상취재 이현경] [영상편집 진화인] #이민세관단속국 #이민단속 #ICE #조지아사태 #구금시설 #총격사건 연합뉴스TV 기사문의 및 제보 : 카톡/라인 jebo23",정호윤 기자,2025.09.25. 오전 6:40
뉴스1,"트럼프, 셧다운 시 '대량 해고' 예고…국방·이민중심 정부 재편",https://n.news.naver.com/mnews/article/421/0008513741?sid=104,"WP ""셧다운, '작은정부' 구현하고 정부재편 기회로 삼으려고"" 23일(현지시간) 국경장벽 예산 문제로 촉발된 미국 연방정부의 부분 셧다운 사태 속 워싱턴 의사당의 불 켜진 모습이 보인다. ⓒ AFP=뉴스1 ⓒ News1 우동명 기자 (서울=뉴스1) 최종일 선임기자 = 도널드 트럼프 미국 행정부가 연방정부 셧다운(부문 업무정지)을 '작은 정부'를 구현하고 연방 정부를 재편할 기회로 삼으려고 한다고 워싱턴포스트(WP)가 27일(현지시간) 보도했다. WP는 이 같은 계획은 러셀 보우트 백악관 예산국장이 핵심 설계자인, 트럼프 2기 행정부의 정책 청사진 '프로젝트 2025'의 핵심 내용과 일치한다면서, 세부 내용을 소개했다. WP는 백악관은 연방정부에 대한 트럼프 대통령의 구상을 가장 순수하게(purest) 반영한 셧다운을 준비하고 있다고 전했다. 이는 트럼프 2기 행정부의 논란이 되는 '프로젝트 2025' 계획의 설계자 중 한 명인 백악관 예산국장 러셀 보우트 지도를 받고 있다. 2025회계연도가 오는 30일 종료되면 연방 예산도 소진된다. 현재 의회는 장기 협상이 진행되는 동안 정부 기관을 7주 간 운영할 수 있는 임시예산안을 두고 의회에서 힘겨루기를 벌이고 있다. 정상적으로 운영이 유지되는 기관들은 지난 7월 의회가 통과시킨 트럼프의 '하나의 크고 아름다운 법안'(One Big Beautiful Bill)에서 예산을 받은 곳들이. 국방부와 국토안보부가 주요 수혜 기관이었댜. 그 결과, 셧다운 기간 중이나 잠재적으로 그 이후에, 연방정부는 국방과 이민, 법집행 중심으로 다른 기능은 거의 없는 곳으로 크게 재편될 수 있다. 전통적인 셧다운의 일시 해고(furlough)와 달리, 보우트 국장은 기관들에게 ""대규모 해고(mass firings)""를 준비하고 필요한 최소 인원만 유지하도록 지시했는데, 이는 정부 인력을 영구적으로 감축하려는 목적을 반영하는 것으로 읽힌다. 지난 5월 발표된 트럼프의 예산안은 국무부 약 84%, 주택도시개발부 43% 이상, 노동부 35% 등 주요 비국방 기관에 대한 대폭 삭감을 요구한 반면, 국토안보부에는 65% 증가를 요구했다. 또한, 연방 정부 전체 인력을 5% 줄여 11만 4000개 이상의 일자리를 없앨 것을 제안했다. 이밖에 노동부는 대부분의 활동이 중단되고, 수천 명 직원이 해괴된다. 국립공원은 폐쇄되고, 국세청(IRS) 전화 지원이 중단되며, WIC(여성/아동 영양 프로그램) 및 연방 주택 보조금 같은 사회 서비스는 자금이 소진되면 운영에 차질을 빚을 수 있다. 중소기업청(SBA) 신규 및 기존 대출 지원도 대부분 멈춘다. 반면, 워싱턴D.C 등 주요 도시에 대한 주 방위군 배치는 계속된다. 이민 단속 및 추방 활동도 영향을 받지 않는다. 전 하원의장 뉴트 깅그리치 등 보수 인사들은 이러한 움직임을 비효율적이거나 파괴적인 정부 프로그램을 줄이는 기회로 보고 있다.",최종일 기자,2025.09.28. 오후 3:17
동아일보,"美이민단속국서 총격, 2명 사망-1명 부상…총격범은 자살",https://n.news.naver.com/mnews/article/020/0003663467?sid=104,"댈러스서 백인 남성, 인근 건물 옥상서 ICE 구금자 저격 트럼프 불법 이민자 추방 정책과 연관땐 파장 커질 듯 (출처=The_Independent X) 미국 이민세관단속국(ICE)에서 총격 사건이 발생해 범인을 포함한 최소 4명의 사상자가 나왔다고 24일(현지 시간) 현지 언론이 보도했다. 백인 남성으로 알려진 범인은 ICE 인근 건물 옥상에서 ICE에 있던 희생자들을 저격한 뒤 스스로 목숨을 끊었다고 현지 경찰은 밝혔다. ICE는 얼마 전 조지아주 현대자동차·LG에너지솔루션 배터리 공장 건설 현장의 이민단속을 주도했던 기관이다. 범인이 백인 남성이라는 점, 범행 대상이 ICE 안에 있던 구금자(이민자)였다는 점 등을 고려하면 도널드 트럼프 행정부의 불법 이민자 추방 정책과 연관이 있을 가능성도 제기돼 파장이 주목된다. 이날 미국 뉴욕타임스(NYT) 등 외신에 따르면 이날 오전 댈러스의 ICE 사무소에서 총 3명이 총에 맞았다. 당국에 따르면 3명 중 구금자 2명이 숨졌고, 1명이 다쳤다. 사상자 중 ICE 직원은 없으나 현장 경비원들은 부상을 입었을 가능성도 있다. ICE에 따르면 범인은 외부 건물 옥상에서 ICE를 향해 총을 쏜 것으로 전해졌다. 댈러스 경찰의 통화 기록에 따르면, 40개 이상의 경찰 부대가 이날 오전 6시 40분경 스테몬스 회랑의 노스 스테몬스 고속도로 8100번지에서 발생한 사고 현장에 출동했다. ICE 국장 대행 토드 라이언스는 “현재 부상자들의 상태는 확실하지 않다”며 “현장은 안전한 상태다”라고 CNN에 전했다. 댈러스 경찰은 “용의자가 인근 건물에서 ICE 건물에 총격을 가한 것 같다”고 밝혔다. 24일(현지 시간) 오전 미국 텍사스주 댈러스에서 이민세관단속국(ICE)을 겨냥한 총격이 발생해 1명이 숨지고, 2명이 중상을 입었다. 사진은 경찰이 ICE 건물 인근 도로를 통제하고 있는 모습. 2025.09.24 댈러스=AP/뉴시스 경찰에 따르면 총격범은 백인 남성으로, 시설 인근의 변호사 사무실 옥상에서 숨진 채 발견됐다. 크리스티 노엠 미국 국토안보부 장관은 “다수의 부상자와 사망자가 발생했으며 범인은 자살한 채 발견됐다”고 밝혔다. 이어 “범행 동기에 대해 알 수 없지만, 우리 ICE 법 집행 기관이 전례 없는 폭력에 직면해 있다”며 “이 같은 일은 반드시 멈춰야 한다“고 강조했다. 범행 동기 등에 대한 수사가 필요하겠지만, 사망한 용의자가 트럼프 행정부의 이민자 추장 정책 등에 불만을 품고 범행을 저질렀을 경우 미국 내 사회적 파장이 커질 수 있다는 우려도 나온다. 사건이 벌어진 ICE 시설은 지난달에도 폭탄 테러 위협을 받았다고 외신은 전했다. 국토안보부에 따르면 지난달 25일 한 남성이 이 시설에 접근해 “내 가방에 폭탄이 들어있다”고 말했다. 해당 남성과 이번 저격범이 동일 인물인지 여부는 아직 밝혀지지 않았다. 현재까지 밝혀진 내용이 사실이라면 최근 몇 주 사이 미국에서는 찰리 커크 피격 사건에 이어 두 번째 저격 사건이 벌어진 것이다. 총기 범죄 문제가 다시 한번 사회적 화두로 떠오를 가능성도 있다. 사건 직후 테드 크루즈 상원의원은 “부상자의 회복을 위해 기도한다. 용감하게 초기 대응해준 이들에게 감사한다”고 X(트위터)에 적었다.",김예슬 기자,2025.09.24. 오후 10:22
YTN,"""미국'비자 수수료 폭탄', 각국 '인재 모시기' 기회로""",https://n.news.naver.com/mnews/article/052/0002250858?sid=104,"미국 도널드 트럼프 행정부가 전문직을 위한 H-1B 비자 수수료를 큰 폭으로 올리자 각국 정부가 이를 '인재 모셔오기' 기회로 역이용하고 있다고 외신이 보도했습니다. 영국 파이낸셜타임스(FT)를 인용한 로이터통신 보도에 따르면, 영국 정부는 H-1B 비자와 비슷한 자국 비자의 수수료를 아예 폐지하는 방안을 검토하고 있습니다. 한 당국자는 ""세계 5대 최고 대학에 다녔거나 권위 있는 상을 받은 사람을 대상으로 논의 중""이라며 ""비용을 완전히 면제하는 구상을 하고 있다""고 말했습니다. 이 방안은 트럼프 행정부의 수수료 인상 전부터 논의됐지만, 미국의 움직임에 따라 계획에 속도를 내는 것으로 분석됩니다. 중국의 경우 과학·기술·공학·수학 분야 인재 유치를 위한 새로운 비자를 다음 달 1일부터 도입할 예정이라고 로이터는 전했습니다. 이 비자가 있으면 취업 제안과 연구직을 사전 확보하지 않고도 중국에 입국해 공부하며 일할 수 있습니다. 로이터는 한국에 대해선, 강훈식 대통령 비서실장이 미국의 정책 변화를 활용해 해외 과학·공학자 유치 방안을 찾도록 각 부처에 지시했다고 전했습니다. 이어, ""한국을 포함한 여러 나라가 강경해지는 미국의 이민 정책을 유리하게 활용해, 외국인 과학자와 공학자를 끌어들이고 자국 산업을 발전시키며 인재 유출 흐름을 '유턴'시키려 한다""고 분석했습니다. 독일 디지털 산업계 연합체인 비트콤의 베른하르트 로흐레더 대표는 ""미국의 새 정책이 독일과 유럽이 최고의 인재를 끌어들이는 기회가 될 수 있다""고 말했습니다. ※ '당신의 제보가 뉴스가 됩니다' [카카오톡] YTN 검색해 채널 추가 [전화] 02-398-8585 [메일] social@ytn.co.kr",김종욱 기자,2025.09.23. 오후 4:30
머니투데이,"[칼럼] 트럼프의 골드카드와 H-1B 인상,미국 이민정책의 새 축을 짜다",https://n.news.naver.com/mnews/article/008/0005256026?sid=101,"최근 트럼프 행정부가 내놓은 두 가지 발표는 미국 이민정책의 향후 방향을 뚜렷하게 보여주었다. 첫째, 전문직 취업비자 H-1B 신규 신청 수수료를 10만 달러로 인상했고, 둘째, 개인이 100만 달러, 기업이 200만 달러를 기부하면 신속히 영주권을 부여하는 '골드카드(Gold Card)' 제도의 구체안을 공개했다. 표면적으로는 전문직 인재 유입을 억제하면서도 자본을 유치하는 상반된 조치처럼 보이지만, 실제로는 같은 축을 그리고 있다. 미국은 이제 누구나 도전할 기회의 나라가 아니라, 초고액 자산가와 세계적 수준의 인재라는 두 축을 중심으로 이민정책을 재편하고 있다. H-1B 수수료 인상은 단순한 행정 비용이 아니라 일종의 선별 장치다. 기업은 외국인을 고용할 때마다 10만 달러라는 막대한 비용을 감수해야 하므로, 평범한 전문 인력은 사실상 배제되고, 기업이 반드시 필요로 하는 핵심급 인재만 선별될 수밖에 없다. 여기에 200만 달러 기업 기부 모델이 결합되면서, ""기업이 자금을 내서라도 반드시 확보해야 하는 인재""만 미국의 문턱을 넘을 수 있다는 강한 메시지가 전달된다. 반대로 개인 100만 달러 기부 모델은 초고액 자산가 집단을 겨냥한다. 애초 제시된 500만 달러안은 실효성이 낮았지만, 이번에 금액이 100만 달러로 낮아지면서 그 범위가 수천억 원대 슈퍼리치에서 수백억 원대 자산가까지 크게 확대되었다. 무엇보다 이 모델은 EB-5와 달리 고용 창출이나 투자금 회수 의무가 없고, 자금 출처만 소명하면 되므로, 불확실성과 긴 대기 시간에 지친 자산가에게는 매력적인 선택지다. 문제는 이 제도의 법적 근거다. 의회의 승인이 필요한 새로운 비자 카테고리를 만들지 않고 기존 EB-1, EB-2 쿼터를 활용하는 방식으로 추진되는 만큼, 법적 정당성 확보가 관건이다. EB-1은 국제적 업적을 요구하므로 단순 기부만으로는 설득력이 약하다. 반면 EB-2 NIW(National Interest Waiver)는 ""미국 국익에 기여한다""는 요건을 포함하고 있어, 행정부가 거액의 기부를 국익으로 해석한다면 논리를 마련할 수 있다. 다만 이 경우 기존 EB-2 NIW 신청자들의 요건은 강화되고, 심사 기간 역시 장기화할 가능성이 크다. 동일한 카테고리에서 기부형 신청자와 능력형 신청자가 경쟁하게 되면, 그 부담은 기존 능력형 신청자에게 전가될 수 있기 때문이다. 또한 이 과정에서 초과 위임(ultra vires) 논란이 불거질 수 있다. 의회가 정한 법적 요건을 행정부가 임의로 기부로 대체하는 것은 권한을 넘어서는 행위라는 비판이다. 더구나 미국에 거주 중인 신청자가 수년간 대기하는 동안, 기부자는 몇 개월 만에 영주권을 받는다면 평등 보호(Equal Protection) 위반 소송으로 이어질 소지도 있다. 정치적으로도 ""현금을 대가로 영주권을 판다""는 비판은 피하기 어렵고, EB-5에서 엄격히 요구되는 자금 출처 심사가 골드카드에서 느슨해진다면 자금 세탁이나 안보 위협이라는 또 다른 논란으로 비화될 가능성이 크다. 골드카드의 등장은 EB-5 투자이민에도 직접적인 영향을 줄 수 있다. 단순 기부형 제도가 신설되면서 EB-5는 ""고용 창출""이라는 정책적 명분을 더욱 강조하며 차별화를 시도할 것이다. 투자자 유치를 위해 선순위 담보 제공, 수수료 인하, 조기 상환 조건 강화 등 안정성을 높이는 장치가 추가될 수 있으며, USCIS의 심사 지연 문제를 계기로 신속 심사 요구가 본격화될 수도 있다. 결국 미국 이민 시장이 골드카드와 EB-5라는 두 제도가 서로 다른 층을 겨냥하며 병존하는 구도로 재편될 가능성은 충분하다. 미국투자이민 전문기업 (주)비씨아이 존유 미국변호사 그러나 전망은 단순하지 않다. 골드카드가 실제로 법적 정당성을 확보할 수 있을지, 기존 EB-1·EB-2 신청자들의 반발을 어떻게 넘을지, 그리고 정치적 비판을 감수할 수 있을지는 여전히 불확실하다. 트럼프 행정부의 이번 행보는 분명 미국 이민정책의 지형을 크게 흔드는 사건이지만, 여러 논란과 법적 쟁점이 얽혀 있는 만큼 그 향방은 예단하기 어렵다. 확실한 것은 미국 이민의 문턱이 과거보다 훨씬 높아졌으며, 앞으로의 변화에 따라 글로벌 투자자와 기업 모두가 전략을 다시 짜야 한다는 사실뿐이다. 글 / 비씨아이의 존유 미국 변호사",,2025.09.25. 오후 4:50
SBS,"이민구금시설에 총격…총탄에 ""이민당국 반대""",https://n.news.naver.com/mnews/article/055/0001295409?sid=104,<앵커> 미국 이민당국 구금시설을 겨냥한 총격 사건이 발생해 1명이 숨지고 2명이 중상을 입었습니다. 용의자는 현장에서 숨졌는데 수사당국은 이민당국에 대한 반감 때문 범행을 저지른 걸로 보고 있습니다. 워싱턴에서 이한석 특파원입니다. <기자> 미 수사당국 관계자들이 건물 옥상을 수색하고 있습니다. 현지시간 오늘 오전 미 텍사스주 댈러스의 한 건물 옥상에서 여러 발의 총소리가 들렸습니다. [에드윈 카르도나/ 목격자 : 아들과 함께 건물 안으로 들어가려고 하는데 총소리가 들리기 시작했습니다.] 미 이민당국이 관리하는 구금시설의 현장 사무소 건물과 출입구 주변 차량을 향해 무차별 총격을 가했습니다. 시설에 수감돼 있던 3명이 총탄을 맞아 1명이 숨졌고 2명은 중상을 입었습니다. 경찰이 출동해 현장을 수색한 결과 총격범으로 추정되는 용의자는 구금시설 주변 건물 옥상에서 숨진 채 발견됐습니다. 범행 현장에서 발견된 탄피에는 이민당국을 반대하는 문구가 쓰여 있었습니다. [조 로스록 / FBI 관계자 : 용의자 근처에서 발견된 총탄에서 확인된 초기 증거에는 미 이민세관단속국에 대한 반감을 담은 메시지가 담겨 있었습니다.] 수사당국은 초기 증거분석 결과 총격 사건에 이념적 동기가 있는 걸로 보인다고 밝혔습니다. 미 국토안보부는 이민세관단속국의 법 집행에 대한 공격으로 규정했고 밴스 부통령은 이민당국에 대한 강박적인 공격이 중단돼야 한다고 말했습니다. 지난 7월 4일에는 텍사스 알바라도에 있는 구금센터 외부에서 총격을 가해 경찰관 1명이 총상을 입었습니다. 사흘 뒤에는 텍사스주 국경순찰대 시설 밖에서 27세 남성이 연방 요원들을 향해 소총으로 수십 발을 발사해 3명이 부상을 입었습니다. 이민당국 시설을 겨냥한 총격사건이 잇따르면서 트럼프 행정부의 이민정책을 둘러싼 진영 갈등도 거세지는 분위깁니다.,이한석 기자,2025.09.25. 오전 7:20
뉴스1,"[동남아시아 TODAY] 적과의 동침,미국내 동남아시아 이주민들",https://n.news.naver.com/mnews/article/421/0008512030?sid=110,"현시내 인하대학교 HK연구교수 (서울=뉴스1) 현시내 인하대학교 HK연구교수 = 지난 4일 미국 이민세관단속국(ICE)이 조지아주에 있는 배터리 공장 건설 현장에서 한국인 노동자 300여 명을 체포·구금한 사건에 대한 충격이 쉽게 가시지 않는다. 한국 기업, 특히 반도체, 조선업, 자동차 업계의 대미 투자 확대에서부터 한국인 전문직 비자 쿼터(E-4) 신설 추진 등 2기 도널드 트럼프 행정부 들어 한미동맹 강화와 경제협력 확대를 위해 진행되던 노력 또한 주춤하게 되어 앞으로의 한미 경제협력의 향방이 모호하다. 이번 사건 이전에도 미국의 이민정책은 항상 논란의 대상이었지만, 트럼프만큼 직접적으로 이민자에 적대적인 정책을 내세워 가두거나 추방한 사례는 1882년 체스터 A. 아서 대통령이 서명한 '중국인 배척법' 이후 거의 처음이라고 할 수 있다. 2차 세계 대전 시기에 이 법은 폐지되었지만, '인종의 용광로'라고 불렸던 미국의 이미지에 크나큰 오점을 남긴 것은 분명하다. 그럼에도 1970년 이민법 개정에 이르기까지 미국으로 이주했던 아시아인 대다수는 일본, 중국, 필리핀, 하와이, 그리고 한국 출신이었다. 1965년 미국이 베트남 내전에 직접 개입하게 되면서 동남아시아 출신 이민자 수가 급격히 증대한다. 특히 미국의 반공주의적 대동남아시아 정책 수행을 지지했던 남베트남, 캄보디아, 라오스 출신 난민들을 대거 받아들이기 위해, 1975년 미 의회는 '인도차이나 이주 및 난민 지원법'을 통과시킨다. 이 법으로 13만여 명의 베트남, 캄보디아, 라오스인이 미국으로 오는 교통비부터 정착 비용까지 지원받을 수 있었다. 이는 전쟁 난민에 대한 인도적 지원이라는 의미도 있었지만, 한편으로는 미국이 파병과 폭격을 통해 세 국가의 내전을 국제전으로 확대했음에도 공산화를 막지 못했다는 데에 대해 상징적으로나마 책임을 진다는 점에서 의의가 남달랐다. 이에 1980년대부터 2010년대까지 미국으로 이주한 아시아 이주민 중 동남아시아 출신이 다수를 차지하게 된다. 1975년 인도차이나 이주 및 난민 지원법을 통과시킬 때도 많은 논란이 있었다. 보수파 정치인과 평론가들은 인도차이나 출신 이주민이 미국 사회에 동화되기도 어려울뿐더러 미국 국민의 세금으로 이들의 취업을 보장하는 것은 형평성에 어긋난다고 주장했다. 이에 제럴드 포드 행정부는 지역 경제에 영향을 미치지 않기 위해, 그리고 이주자의 문화와 미국 문화의 충돌을 막기 위해 난민 정착지 분산 정책을 시행했다. 이에 다수의 아시아 출신 이주민들은 개발이 덜 이루어진 외지나 저임금 노동자에 대한 수요가 높은 도시 변두리에 정착하게 된다. 1975년 패전 직후 미국으로 건너간 베트남, 라오스, 캄보디아 출신의 이주민 다수는 공산당의 보복을 두려워했던 고위급 공무원이나 군인들, 그의 가족들이었지만, 이후 고국을 등져야 했던 이들은 삶의 터전 자체를 상실한 난민들이었다. 이들이 경작했던 논과 밭은 네이팜탄 공격에 초토화되어 버렸고, 집과 일터는 송두리째 사라져 버렸다. 1976년 이후 공산당 정권 아래 이전 반공 정권과 협력했다고 의심되어 수용소로 보내지거나 사유재산을 몰수당하는 이들이 늘어나면서, 인도차이나에서 탈출하는 난민들의 숫자가 급격히 증대되기 시작한다. 특히 1979년 중국-베트남 전쟁 이후 수십만 명의 남베트남인들이 바다를 통해 탈출을 시도해 '보트피플'이라는 용어가 만들어질 정도였다. 이렇게 자유를 찾아 떠났지만, 식수와 식량 부족, 해적의 공격 등으로 다시 육지를 밟지 못하거나, 수년간의 사투 끝에 미국에 도착해도 1975년에 도착했던 이들과는 달리 정착 비용이나 취업 등에 대한 지원을 거의 받지 못했다. 가난과 불평등은 이렇게 자유와 부의 상징이었던 미국에서도 대물림되었다. 지난 8월 4일(현지시간) 미국 뉴욕의 테드 바이스 연방 빌딩에서 불법 이민 단속 업무를 맡는 한 연방 요원이 도널드 트럼프 대통령과 JD 밴스 부통령의 초상화가 걸린 복도를 걸어가고 있다. 2025.08.04 ⓒ AFP=뉴스1 ⓒ News1 김지완 기자 2016년 트럼프 1기 행정부 출범 이후 백인우월주의와 고립주의로의 회귀는 미국 내 14.3%에 달하는 이민자에게 있어 악몽과도 같다. 8월 28일 자 CNN 기사에 따르면 지난 1월 트럼프 2기 행정부 출범 이후 7개월간 이민세관단속국에 의해 추방당한 이민자가 20만 명에 달한다고 한다. 이민세관단속국이 2024년에 발표한 보고서에 따르면 비시민권자에 대한 체포와 구금을 담당한 '집행 및 제거 작전'(ERO) 팀에 의한 체포는 지속적으로 증대됐다. 특이한 점은 2020년 이전에는 형사 유죄 판결을 받거나 형사 기소가 진행 중인 비시민권자에 대한 체포 및 추방이 다수였던 반면, 2020년 이후부터 이민법 위반 비시민권자에 대한 체포와 추방이 급격히 증대되었다는 것이다. 이와 함께 눈여겨볼 만한 점은 2010년대 이후부터 미국에서 태어난 이주민 자손이라 하더라도 교통신호 위반과 같은 경범죄나 범죄단체 의심 조직 연루 가능성 등의 이유로 부모의 고국으로 추방되는 사례 역시 눈에 띄게 늘었다는 것이다. 범죄에 연루된 이주민에 대한 체포 및 추방 비율이 높은 이유는 여러 가지로 설명될 수 있지만, 무엇보다도 2008년 이후 지속된 미국의 경제위기와 실직률 증가, 사회적 혼란의 증대 등을 꼽을 수 있다. 이로 인한 불안과 불만이 난민과 이주민에 대한 반감과 증오로 폭발한 것이다. 동남아시아에서 미국으로 이주한 다수의 이주자와 난민들은 저소득층에 속했고, 정착지 분산 정책에 의해 특정 지역에 집중되었다. 그렇게 미국 사회로부터 고립되어, 흑인이나 라틴계 이주민과 함께 편견과 차별의 대상이 되어왔다. 이는 미국의 대표적 보수파 배우이자 영화감독인 클린트 이스트우드가 만든 '그란 토리노'(Gran Torino·2008)라는 영화의 배경이 되었던 라오스 출신 '몽' 이주민 공동체에 대한 묘사에서도 잘 보인다. 전쟁으로 잿더미가 되어버린 고향에서 탈출해 빈털터리로 미국에 도착해 바닥에서부터 삶을 일궈온 전쟁 난민과 그들의 자손 다수가 여전히 가난하고 불평등한 삶을 힘들게 이어나가고 있다. 하지만 이들에 대한 지속적인 인종적 편견과 차별, 그리고 사회적 고립은 동남아시아 이주민을 불법체류자와 사회 부적응자로 만들고 있다. 트럼프 이전에도 트럼프는 분명 존재했다. 그래서 지금의 한미 경제협력이 맞닥뜨린 위기가 새롭지 않다. 미국 이민세관단속국 ICE(U.S. Immigration and Customs Enforcement)가 조지아주 내 현대자동차그룹과 LG에너지솔루션 합작 배터리 공장 건설 현장의 한국인 직원 300여 명을 기습 단속·구금하는 영상을 공개했다. (ICE 홈페이지. 재판매 및 DB금지) 2025.9.6/뉴스1",,2025.09.27. 오전 7:00
세계일보,"트럼프 “유엔은 무능, 기후변화는 사기극…미국이 세계 질서 주도”",https://n.news.naver.com/mnews/article/022/0004070651?sid=104,"도널드 트럼프 미국 대통령은 23일(현지시간) 유엔 총회 연설에서 “기후 변화는 전세계에서 저질러진 최대의 사기극”이라고 주장했다. 또 자신이 7개의 국제 분쟁을 중재하는 동안 유엔은 아무 것도 한 일이 없다며 유엔의 무능을 비난하고, 미국 주도의 국제 질서를 유지하겠다고 말했다. 다자주의의 성지인 유엔에서 세계 최강대국인 미국이 미국 우선주의 국제질서를 역설하면서 안그래도 재정적•구조적 위기를 겪는 유엔에는 상징적 위협이 될 것으로 보인다. 도널드 트럼프 미국 대통령이 23일(현지시간) 미국 뉴욕 유엔본부에서 열린 유엔총회에서 연설하고 있다. UPI연합뉴스 ◆트럼프, “유엔은 없었다” 트럼프 대통령은 이날 미국 뉴욕 유엔본부에서 열린 유엔총회에서 기후 변화가 사기극이라며 “기온이 올라가든 내려가든, 무슨 일이 일어나든 그것은 ‘기후 변화’”라고 비꼬았다. 그는 “한 유엔 관리가 1989년에 ‘10년 안에 지구온난화로 전체 국가들이 지도에서 사라질 수 있다’고 했지만, 그런 일은 일어나지 않았다”며 “1920년대와 1930년대에는 지구 냉각이 세상을 파멸시킬 것이라고 말했다”고 지적했다. 그는 유엔 총회에 참석한 각국 정상을 향해 “이 ‘그린 사기’(green scam)에서 벗어나지 않으면, 여러분의 나라는 실패할 것”이라며 “탄소 발자국도 악의적 의도를 가진 사람들이 꾸며낸 사기이며, 그들은 완전한 파멸의 길로 향하고 있다”고 말했다. 트럼프 대통령은 또 지난 1월 취임 후 7개의 국제 분쟁 종식을 자신이 중재해왔다며 그동안 유엔이 제 역할을 하지 못하고 있다며 성토했다. 그는 “나는 이들 전쟁을 멈추고 수백만 명을 구하기 위해 분주했는데, 유엔은 거기에 없었다”며 “유엔의 목적은 무엇인가”라고 따져물었다. 그러면서 “유엔은 엄청난 잠재력을 지니고 있지만, 전혀 발휘하지 못하고 있다”며 “그들이 하는 일은 정말 강경한 어조의 편지를 보내는 것 뿐인데 후속 조치는 전혀 없고, 공허한 말뿐이다. 공허한 말로는 전쟁을 해결하지 못한다. 전쟁을 해결하는 것은 행동”이라고 강조했다. 유엔 안전보장이사회 상임이사국 중 하나인 러시아가 우크라이나 전쟁을 일으키면서 유엔이 제 역할을 하지 못한다는 비판이 제기돼왔다. 뿐만 아니라 미국이 개발원조 등 유엔 산하기구로 들어가는 여러 지원금을 중단하면서 유엔의 재정난도 만만치 않다. 유엔의 관료제도 꾸준히 비판의 대상이 돼 왔다. 미국 우선주의를 주창하고 다자주의를 배격하는 트럼프 대통령이 유엔의 고질적인 문제점을 약점 삼아 다자주의를 거세게 공격한 것이다. 도널드 트럼프 미국 대통령이 23일(현지시간) 미국 뉴욕 유엔본부에서 열린 유엔총회에서 연설하고 있다. 신화연합뉴스 ◆“미국 주도 질서 참여하라” 트럼프 대통령은 유엔총회 연설에서도 국내 연설과 마찬가지로 미국 우선주의를 강조하며 자신의 치적 홍보에 나섰다. 그는 “내 첫 임기에 번영하고 평화로웠던 세계를 향해 이 웅장한 홀에 서서 연설한 지 6년이 지났다”며 자신이 대통령직에서 물러나 있는 동안 세계와 미국은 위기와 재난의 연속이었다고 지적했다. 그는 “오늘 내 행정부 출범 8개월 만에 우리는 전 세계에서 가장 뜨거운 나라가 됐으며, 그 어느 나라도 근접조차 하지 못한다”며 “미국은 지구사의 어느 나라보다 가장 강력한 경제, 국경, 군대, 우정, 정신을 지닌 축복받은 나라다. 지금이 진정 미국의 황금기”라고 주장했다. 트럼프 대통령은 그러면서 “나는 오늘 더 안전하고 번영하는 세상을 만들기 위해 우리와 함께 하려는 총회장의 모든 국가에 미국의 리더십과 우정의 손길을 내밀기 위해 왔다”며 미국이 주도하는 세계 질서에 모든 국가가 동참할 것을 촉구했다. 그는 먼저 러시아산 석유를 구매하는 중국•인도를 지목하며 “전쟁의 주요 자금원 역할을 하고 있다”고 지적했다. 그는 인도에 러시아산 석유 수입을 이유로 고율 관세를 부과한 바 있다. 그는 러시아산 에너지를 구입하는 북대서양조약기구(NATO•나토) 회원국을 향해서도 “러시아가 전쟁을 끝낼 합의 준비가 안 됐다면 미국은 강력한 관세를 부과할 준비가 완벽히 돼 있다”고 강조했다. 관세를 통해 질서를 유지하겠다는 뜻으로 풀이된다. 그는 세계 각국의 강경한 이민 정책 동참을 권고하기도 했다. 그는 서유럽의 불법 이민 문제의 심각성을 지적하면서 그 원인으로 ‘정치적 올바름’을 지목한 뒤 “이민 정책과 그들의 자살적인 에너지 정책은 서유럽의 종말을 가져올 것”이라고 경고했다.",홍주형 기자,2025.09.24. 오전 7:22
동아일보,"“흥선트럼프 대원군이냐, 新쇄국정책” 美비자수수료 파장",https://n.news.naver.com/mnews/article/020/0003662454?sid=104,"도널드 트럼프 미국 대통령이 19일(현지 시간) 백악관 집무실 오벌오피스에서 발언하며 손가락을 치켜들고 있다. 워싱턴=AP 뉴시스 도널드 트럼프 미국 대통령이 외국인 전문직 근로자에게 발급되는 ‘H-1B’ 비자 수수료를 기존의 100배로 올렸다. 연간 1000달러(약 140만 원)였던 수수료는 이제 10만 달러(약 1억4000만 원)로 오른다. 이 비자가 있어야 미국에서 일할 수 있는 근로자들 사이에서는 “쇄국정책이냐”, “마가(MAGA·Make America Great Again ‘미국을 다시 위대하게’)라더니 막가다”, “미국이 비자 장사까지 할만큼 궁핍한가” 등의 격앙과 우려가 쏟아졌다. ‘H-1B’ 비자는 고숙련 기술직에게 발급되는 비자로, 추첨을 통해 매년 약 8만5000건이 발급됐다. 한번만 발급받으면 되는 게 아니라 매년 갱신해야 하고 수수료도 매년 내야한다. 이번 수수료 인상은 미국의 기술 인력 확보에도 악영향을 끼칠 것이란 분석이 나온다. 트럼프 대통령은 19일(현지시간) 백악관 집무실에서 H-1B 비자 프로그램을 이같이 개편하는 내용의 포고문에 서명했다고 로이터통신이 보도했다. 하워드 러트닉 미국 상무부 장관은 “모든 대기업이 참여하게 될 것”이라며 “누군가를 훈련 시키려면 미국 전역의 위대한 대학 중 한 곳에서 최근 졸업한 사람을 훈련시켜야 한다”고 했다. 이어 “미국인을 훈련시키면 된다”며 “우리 일자리를 빼앗을 사람을 데려오는 것을 그만두라”고 했다. 러트닉 장관은 “핵심은 연간”이라며 “6년까지 적용된다”고 했다. 해당 비자로 6년간 체류한다면 60만 달러(약 8억4000만 원)를 내야하는 것이다. 그러면서 “해당(H-1B 비자로 들어오는) 인물이 회사와 미국에 매우 가치있는지, 아니라면 본국으로 돌려보내고 회사는 미국인을 고용할 것”이라며 “이것이 이민정책의 핵심”이라고 강조했다. 1990년 시작된 H-1B 비자 제도로 미국 기업들은 낮은 임금을 주고 외국에서 전문직 근로자를 고용해왔다. 자료에 따르면 해당 비자는 인도·중국인의 발급 비중이 높았다. 지난해 H-1B 비자 전체 발급의 71%가 인도인, 11.7%가 중국인이었다. 2025년 상반기(1~6월)에 미국 전자상거래 기업 아마존에는 1만 개 이상의 H-1B 비자가 발급됐다. 마이크로소프트, 구글 등은 각각 5000개 이상의 H-1B 비자를 발급받았다. 트럼프 대통령은 이 비자가 자국민의 일자리를 빼앗는다고 인식하고 있다. 트럼프 대통령의 이러한 결정을 두고 일각에선 우려가 나온다. 미국 실리콘밸리 유명 벤처캐피털인 멘로벤처스 소속 파트너 디디 다스는 X(엑스·옛 트위터)에 “새로운 수수료를 추가하면 세계에서 가장 똑똑한 인재를 미국으로 데려오려는 의욕이 떨어지게 될 것”이라며 “미국이 최고의 인재를 데려오는 것을 중단한다면 혁신과 경제 성장 능력이 크게 감소한다”고 지적했다. 또 소규모 기술 기업과 스타트업의 비용을 크게 증가시킬 수 있다고도 내다봤다. 우리나라에서도 우려와 격앙의 반응이 동시에 나오고 있다. 해외취업 관련 한 온라인 카페에선 “세계적으로 대단한 인재가 아닌 이상 누가 1억 원이 넘는 돈을 들여서 외국인을 입사 시키겠느냐”며 “그냥 외국인 직원을 받지 말라는 이야기”라고 꼬집었다. “마가(MAGA)가 아닌 막가” “흥선트럼프 대원군이냐, 신(新)쇄국정책을 미국에서 보게 될 줄이야” 등 혀를 찼다. “비자 장사하네” “자국 기술자들로 잘해보라” “미국이 스스로 고립되는 걸 자초하네” 등 격양된 반응도 있다.",조혜선 기자,2025.09.20. 오전 8:13
연합뉴스,이민단속 나비효과?미국'맥주 1위' 바뀌었네,https://n.news.naver.com/mnews/article/001/0015644314?sid=101,"미켈롭 울트라 맥주 [연합뉴스 자료사진. 재판매 및 DB 금지] (서울=연합뉴스) 문관현 기자 = 미국 맥주 시장에서 지각변동이 일어났다. 맥주회사 앤하이저부시의 '미켈롭 울트라'가 멕시코 맥주 '모델로 에스페시알'을 제치고 판매 1위에 올랐다고 미 경제매체 CNBC가 22일(현지시간) 보도했다. 앤하이저부시는 이날 시장조사업체 서카나 자료를 인용해 이달 14일까지 52주 동안 소매 채널에서 미켈롭 울트라가 판매 1위를 차지했다고 밝혔다. 닐슨 IQ 자료에서도 미켈롭 울트라는 지난 7월 12일까지 52주간 술집과 식당에서 가장 많이 팔린 맥주였다. 모델로 에스페시알은 2년 전 미국에서 앤하이저부시의 간판 맥주 브랜드 '버드 라이트'를 제치고 1위에 올랐다. 버드 라이트는 20년 넘게 미국에서 부동의 1위 자리를 지켰지만 이른바 트랜스젠더 협찬 논란에 휘말리며 타격을 입었다. 앤하이저부시로서는 2년 만에 미켈롭 울트라로 1위 자리를 탈환한 셈이다. 모델로 에스페시알 맥주 [연합뉴스 자료사진. 재판매 및 DB 금지] 미국에서 모델로 에스페시알을 판매하는 미국 주류회사 콘스텔레이션 브랜즈는 멕시코산 수입품 등에 대한 관세와 히스패닉계 소비자들의 수요 감소 등에 직면해 있다. 도널드 트럼프 대통령의 이민 정책과 관련 일자리 감소가 주고객층인 히스패닉계 소비자들의 소비를 위축시켰다고 회사 측은 보고 있다. 앞서 블룸버그 통신은 ""서류를 갖추지 못한(불법 체류) 이민자들에 대한 트럼프 대통령의 단속이 미국 시민이거나 합법적 신분의 다수 히스패닉계 사이에서도 냉각 효과를 가져왔다""고 보도하기도 했다. 콘스텔레이션 브랜즈는 이달 초 이번 회계연도 실적 전망을 하향 조정했다. 올해 들어 주가는 39% 하락했다고 CNBC는 전했다. 버드 라이트 맥주 [연합뉴스 자료사진. 재판매 및 DB 금지] khmoon@yna.co.kr",문관현 기자,2025.09.23. 오후 5:26
연합뉴스,"트럼프, 삭감한 해외원조 2조5천억원미국우선주의 과제에 투입",https://n.news.naver.com/mnews/article/001/0015649065?sid=104,"미 국제개발처 건물 [로이터 연합뉴스 자료사진. 재판매 및 DB 금지] (서울=연합뉴스) 이신영 기자 = 도널드 트럼프 미국 행정부가 삭감한 해외 원조자금을 미국 우선주의 과제에 투입하려 하고 있다고 로이터 통신이 24일(현지시간) 보도했다. 지난 12일 미 의회에 제출된 문건에 따르면 트럼프 행정부는 해외원조 삭감으로 확보한 18억달러(약 2조5천억원)를 미국의 글로벌 리더십을 강화하기 위한 프로그램에 배정할 것이라고 밝혔다. 해당 분야로는 핵심 광물 공급망 다각화, 전략적 인프라 투자 및 개발 촉진, 중국의 영향력 견제, 불법 이민 위기에 대한 대응 등이 꼽혔다. 로이터가 입수한 문건에 따르면 우선 4억달러(약 5천600억원)는 우크라이나의 에너지 및 핵심 광물 프로그램 지원과 그린란드의 경제개발 및 보존 사업 등에 사용될 예정이다. 원유와 천연가스, 첨단산업에 필요한 광물 등을 다량 보유하고 있고 전략적 요충지로 꼽히는 그린란드는 덴마크의 자치령이다. 트럼프 대통령은 2기 취임 이후부터 줄곧 그린란드에 대한 영토야욕을 드러내 왔다. 불법 이민 근절과 핵심 광물 및 인공지능(AI) 분야에 대한 중국의 지배력 견제, 베네수엘라, 쿠바, 니카라과 등 반미정권에 맞서는 활동 지원 등에도 4억달러(약 5천600억원)가 투입될 전망이다. 미 국무부 대변인은 해외원조 프로그램은 정부 정책과 부합해야 한다며 ""미국은 원조보다 무역, 의존보다 기회, 지원보다 투자를 우선시할 것""이라고 밝혔다. 트럼프 행정부는 집권 2기 시작 직후부터 해외 원조 자금에 대한 대대적인 칼질을 시도해왔다. 대외 원조 업무를 담당하는 국제개발처(USAID)를 해체하고 수십억달러 규모의 원조 자금을 동결하는 대신 세금을 미국 우선주의 정책에 부합하는 프로그램에 사용하겠다는 입장을 피력해왔다. 트럼프 행정부의 이런 계획에 관해 상원 외교위원회 민주당 간사인 진 섀힌 의원은 헌법에 명시된 의회의 정부 예산 통제권을 침해하는 조치라고 비판했다. 섀힌 의원은 ""그린란드 같은 곳에서 정치적 동기로 추진되는 선심성 사업이나 이민 문제로 아프리카 정부를 압박하기 위해 원조자금을 사용하는 것은 미국의 외교 정책 방향과 맞지 않으며 국민의 세금을 남용하는 행위""라고 지적했다. eshiny@yna.co.kr",이신영 기자,2025.09.25. 오후 3:27
한국경제,"""마트서 사라졌던 '종이 쿠폰' 부활 이유가…"" 무서운 경고",https://n.news.naver.com/mnews/article/015/0005188174?sid=103,"과일 값도 커피 값도 다 올랐다 소비자 등돌리자 '종이쿠폰' 부활 사진=연합뉴스 도널드 트럼프 미국 대통령이 식료품 가격을 낮추겠다고 공언했지만, 트럼프 행정부의 정책들이 물가 상승을 부추기고 있다는 지적이 나온다고 CNN이 20일(현지시간) 보도했다. 일부 유통업체는 식료품 가격 인상으로 가계 부담이 늘어난 소비자들을 잡기 위해 종이 쿠폰도 다시 꺼내 들었다. CNN은 트럼프 대통령의 관세 정책, 이민 단속, 기상이변에 따른 식량 생산 타격 등으로 인해 지난달 식료품 가격이 3년 만에 가장 빠른 속도로 상승했다고 전했다. 특히 수입 의존도가 높은 식품의 가격이 가파르게 오르고 있다고 CNN은 지적했다. 미국 노동부가 이달 11일 발표한 8월 소비자물가지수(CPI)에 따르면 커피 가격은 지난달에만 3.6% 뛰며 2011년 이후 최대 월간 상승률을 보였고, 올해 들어서는 20.9% 올랐다. 미국은 커피를 대부분 브라질에서 수입하는데 지난달부터 커피를 포함한 브라질산 수입품에 50% 관세를 부과하고 있다. 지난달 사과와 상추 가격은 전달보다 각각 3.5%, 바나나는 2.1% 올랐다. 토마토 가격은 4.5% 뛰었다. 트럼프 행정부는 지난달 멕시코산 토마토에 대해 17.09% 관세를 부과한다고 발표했다. 예일대 예산연구소는 관세가 현재 수준으로 유지될 경우 식품 가격이 단기적으로 3.4%, 장기적으로는 2.5% 상승할 것으로 전망했다. 연구소에 따르면 트럼프 관세로 미국의 평균 실효 관세율은 1935년 이후 최고 수준으로 치솟았다. 트럼프 행정부의 대대적인 불법 이민자 단속도 식품 산업에 영향을 미치고 있다는 분석이다. 미 농무부에 따르면 미국 내 농장 노동자의 42%는 미등록(불법 체류) 이민자들이다. 올 3~7월 미국의 농업 분야 고용은 6.5% 감소했다. 약 15만1000명의 일자리가 사라진 것이다. 불법 이민자 단속 여파로 캘리포니아 농장에서는 농작물이 수확되지 못하는 등 피해가 발생하고 있다고 CNN은 전했다. 미시간주립대 식품 경제학자 데이비드 오르테가는 과일·채소처럼 이민자 노동력에 크게 의존하거나 커피·바나나 같이 거의 전적으로 외국에서 생산돼 높은 관세가 매겨지는 식품들이 가격 상승의 가장 큰 영향을 받는다고 했다. 윌리엄 매스터스 터프츠대 교수는 노동력 감소는 과수원, 온실, 창고 건설 등 식량 공급망 투자도 위축시킬 것이라고 봤다. 기후변화도 식품 가격 상승의 또 다른 요인으로 작용하고 있다. 허리케인, 가뭄 등 기후 재해가 오렌지, 소고기 가격을 밀어 올렸다는 것이다. 소비자들 사이에선 양극화 현상이 심화하고 있다는 평가가 나온다. 저소득층은 소포장 상품, 가격이 저렴한 자체브랜드(PB) 상품 등으로 몰리는 반면 고소득층은 프리미엄 제품 등에 지출을 이어가고 있다는 것이다. 미국 슈퍼마켓 체인 크로거는 2023년 일부 중단했던 종이 쿠폰을 부활시켰다. 소비자들이 식료품 비용을 줄이기 위해 판촉 행사에 의존하고 있음을 보여주는 것이라고 CNN은 해석했다.",안혜원 기자,2025.09.22. 오후 12:25
머니투데이,"미국유학생에게 신분은 생존, 행정명령이 뒤흔든 H-1B",https://n.news.naver.com/mnews/article/008/0005256033?sid=101,"지난 9월 19일, 미국 트럼프 대통령은 새로운 행정명령을 발표했다. 이번 조치는 미국 이민 정책에 중대한 변화를 보여주는 조치로 평가되고 있으며, 특히 미국에서 공부하고 있는 유학생들에게 막대한 영향을 끼칠 것으로 예상된다. 9월 19일 행정명령 당시 영상 캡처 /사진 출처=The White House 유튜브 이번 행정명령은 H-1B 취업비자의 신규 신청 비용을 기존 1,000달러에서 10만 달러로 100배 인상한다는 내용이었다. 이는 기업의 외국인 인재 채용에 사실상 굳게 닫힌 문을 만들어, 신규 졸업 유학생들이 미국에서 커리어를 시작할 수 있는 기회를 차단하는 조치로 받아들여지고 있다. 같은 날 발표된 골드카드 행정명령은 개인이 100만 달러, 법인이 특정 인재를 위해 200만 달러를 기부하면 신속하게 영주권 자격을 부여받을 수 있도록 했다. 이는 기존 미국투자이민(EB-5)과 달리 투자금 회수 가능성이 없는 순수 기부 방식이어서 초고액 자산가나 기업의 후원을 받는 일부 인재만 접근할 수 있을 예정이다. 또한, 행정명령과는 별개로 미국 이민국(USCIS)이 속해 있는 미 국토안보부(DHS)는 유학생 신분과 관련된 규정 변경도 의회에 제안한 상태다. 주된 내용은 졸업 후 체류가 가능한 유예기간을 60일에서 30일로 축소하는 방안이 검토되고 있으며, 2026 회계연도부터는 H-1B 선발 방식을 기존 추첨제에서 고연봉 순으로 바꾸기로 했다. 이로 인해 막 졸업한 유학생들은 낮은 연봉 때문에 H-1B 취득이 사실상 매우 불리하게 되었다. 결국 유학생들은 짧아진 준비 기간, 채용의 문이 닫힌 현실, 그리고 고연봉 위주의 선발 구조라는 삼중고에 직면하고 있다. 모스이민컨설팅 이병인 대표는 이번 상황과 관련하여 ""트럼프 대통령의 행정명령으로 가장 큰 혼란을 겪는 대상 중 하나는 바로 유학생들일 것이다. 모스이민컨설팅은 유학생들에게 안정적 신분을 유지할 수 있는 맞춤형 이민 솔루션을 제시함으로써, 이번 변화 속에서도 혼란을 최소화할 수 있도록 돕고 있다""고 강조했다. 한편, 모스이민컨설팅은 오는 9월 27일 세미나를 통해 최근 발표한 행정명령에 대한 분석 내용을 공개할 예정이다. 세미나 예약은 홈페이지 또는 유선을 통해 할 수 있으며, 자리가 한정된 만큼 사전 예약은 필수다.",,2025.09.25. 오후 4:56
이데일리,"""미국가려면 1.4억?"" 전문직 H-1B 신규 비자에만 적용",https://n.news.naver.com/mnews/article/018/0006121341?sid=101,"백악관 “기존 비자·갱신자에는 영향 없어” MS·구글·아마존, 직원들에 해외여행 자제 권고 기업·변호사들 “정책 불확실성 커 신중 대응 필요” [뉴욕=이데일리 김상윤 특파원] 미국 백악관이 도널드 트럼프 대통령이 발표한 H-1B 비자 신청 수수료 10만달러(약 1억4000만원) 부과 조치가 신규 신청자에만 적용된다고 20일(현지시간) 밝혔다. 기존 비자 소지자와 갱신에는 영향을 주지 않는다는 설명이다. 앞서 트럼프 대통령은 전날 H-1B 프로그램에 대폭 개편하는 포고문을 발표하면서 미국 내 주요 IT 기업을 비롯해 다국적 기업 전반에 혼란이 확산됐다. 핵심은 신청 수수료를 10만달러(약 1억4000만원)로 인상하고, 이를 내지 않으면 사실상 신규 비자 발급이 불가능하도록 한 것이다. 효력은 오는 9월 21일 새벽부터 12개월간 적용된다. 현재 H-1B 비자 발급 수수료가 1000달러 미만인 점을 감안하면 사실상 100배 인상이다. 마이크로소프트, 구글 모회사 알파벳, 아마존 등 대형 테크 기업들은 직원들에게 해외 출국을 자제하라고 긴급 지침을 내렸으며, 일부 기업은 토요일까지 귀국할 것을 권고했다. 캐롤라인 레빗 백악관 대변인은 이날 소셜미디어 X(옛 트위터)를 통해 “이번 조치는 현재 비자 소지자의 미국 출입국에 영향을 미치지 않는다”고 재차 강조했지만, 기업과 이민 변호사들은 정책 적용과 집행 방식이 불투명하다며 신중한 대응을 당부했다. 특히 인도·영국 등에서 새로 비자를 발급받아 출국을 앞둔 근로자들은 계획을 전면 수정해야 하는 상황에 놓였다. H-1B 제도는 1990년 도입돼 미국 기업이 학사 학위 이상을 가진 외국인 전문 인력을 고용할 수 있도록 한 취업비자다. 매년 발급 쿼터는 6만5000개, 미국 석·박사 학위자에게는 2만개의 추가 쿼터가 배정된다. 총 8만5000개 비자가 매년 봄 추첨으로 배정되지만, 일부 기업이 대량 신청을 통해 제도를 악용한다는 비판이 꾸준히 제기돼 왔다. 아마존·마이크로소프트·메타·애플 등이 최대 수혜 기업이다. 2025년에는 47만 건 이상의 신청이 접수됐다. 트럼프 행정부는 이번 수수료 인상이 비자 제도의 남용을 방지하기 위한 조치라고 설명했다. 트럼프 대통령은 “기업들이 생산적인 인재를 얻기 위해 기꺼이 비용을 지불할 것”이라며 “모두가 만족할 것”이라고 말했다.",김상윤 기자,2025.09.21. 오전 8:16
동아일보,"한국계 첫 美이민법원 판사, 이메일로 해임",https://n.news.naver.com/mnews/article/020/0003662172?sid=102,"데이비드 김, 사건 심리중 통보 받아 “높은 망명신청 인용률에 불만” 분석 한국계 미국인 최초로 미국 연방이민법원 판사로 임명돼 뉴욕 연방이민법원에서 활동해 온 데이비드 김(김광수·사진) 판사가 이달 초 해임된 것으로 알려졌다. 김 판사는 서울에서 태어났고, 고등학생이던 16세 때 미국으로 이민을 갔다. 그는 2022년 판사로 임용되기 전까지 이민법 분야 전문 변호사로 활동해왔다. 일각에선 도널드 트럼프 행정부가 김 판사의 높은 망명 신청 인용률에 불만을 가졌고, 이것이 해임에 영향을 줬을 것이란 분석이 나온다. 뉴욕 현지 매체인 더시티에 따르면 이달 4일 김 판사는 망명 사건 심리를 진행하던 중 법무부 이민심사행정국(EOIR)으로부터 “오늘부로 해임된다”는 이메일을 받았다. 해임 사유에 대해선 명확한 설명이 없었다. 그저 ‘행정권은 미합중국 대통령에게 속한다’는 헌법 2조가 해임 근거였다. 스페인계 미국인으로 트럼프 대통령에게 비판적이었던 레이 칼다스 판사 또한 같은 이유로 해임 통보를 받았다. 더시티는 “사법행정데이터센터 자료에 따르면 김 판사는 뉴욕 이민법원 판사들 가운데 망명 인용률이 가장 높았다”고 설명했다. 김 판사가 트럼프 행정부의 반(反)이민 정책과 반대로 심리한 게 해임의 이유일 수 있다는 것이다. 김 판사는 소셜미디어에 해임 사실을 알리며 “지금의 미국은 제가 처음 도착했을 때와는 많이 다르다. 그러나 저는 여전히 이 나라가 위대한 나라라고 믿으며, 정의와 민주주의가 반드시 승리할 것이라고 믿는다”고 전했다. 김 판사는 에머리대에서 물리학과 철학을 전공한 뒤 브루클린로스쿨에서 법학 박사 학위를 받았다. 2002년 변호사 자격증을 취득한 뒤에는 뉴욕에서 법률사무소를 운영하며 이민 문제를 주로 다뤄왔다.",이기욱 기자,2025.09.19. 오전 3:04
이데일리,"트럼프, 유엔 총회 흔들다…反이민·기후변화 부정 ‘원맨쇼’(종합)",https://n.news.naver.com/mnews/article/018/0006123653?sid=104,"“7개 전쟁 끝내” 자화자찬…유엔엔 “빈말만 한다” 맹공 불법이민·난민지원 비판…“국경 위협·주권 침해” 주장 이재명 “내외국인 동등한 존중”…외신, 정반대 발언 주목 경제 성과 자찬..“美, 세계서 가장 뜨거운 나라” 강조 기후변화·재생에너지 부정…“역사상 최대 사기극” [뉴욕=이데일리 김상윤 특파원] 도널드 트럼프 미국 대통령은 23일(현지시간) 뉴욕 유엔본부에서 열린 제80차 유엔 총회 연설에서 자신이 “7개의 전쟁을 끝냈다”고 주장하며 유엔을 강하게 비판했다. 그는 기후변화를 “세계 최대 사기극”이라 규정하고, 개방적 이민 정책은 국가를 파괴한다고 목소리를 높였다. 국제사회의 공동 어젠다를 정면으로 반박하며 미국 우선주의(MAGA)를 전면에 내세운 것이다. 약 한 시간 동안 이어진 연설에서 청중은 대부분 침묵으로 반응했으나, 몇 차례 웃음과 탄식이 터져 나오기도 했다. 도널드 트럼프 미국 대통령이 23일(현지시간) 뉴욕 유엔 본부에서 열린 제80차 유엔 총회에서 연설을 하고 있다. (사진=AFP) ◇유엔 총회 연설서 맹비난...“유엔, 빈말만 내놓는다” 트럼프 대통령은 이날 연설에서 유엔이 불법 이민을 지원하고 전 세계 분쟁 해결을 도와주지 않았다며 “유엔은 빈말만 내놓는다”고 일갈했다. 그는 연설 도중 퍼스트레이디 멜라니아 여사가 이용한 에스컬레이터 고장과 텔레프롬프터 오작동을 거론하며 “유엔에서 얻은 것은 고장 난 에스컬레이터와 고장 난 프롬프터뿐”이라고 비꼬았다. 또 과거 자신이 추진한 유엔 본부 리모델링 계획이 거부된 일을 다시 언급했다. 이어 “나는 7개의 전쟁을 종식시켰고 각국 정상들과 직접 협의했지만, 이를 마무리하는 과정에서 유엔으로부터 도움을 주겠다는 전화 한 통 받지 못했다”고 강조했다. 이 발언에 총회장 안에서는 탄식이 흘러나왔다. 그는 특히 유엔이 난민·이민 지원 활동을 통해 “서방 국가의 국경을 위협하고 있다”고 주장했다. 트럼프 대통령은 “유엔은 침략을 막아야지, 침략을 만들어내거나 재정을 지원해서는 안 된다”며 “미국은 외국에서 온 대규모 인구가 국경을 넘고 주권을 침해하며 범죄를 일으키는 것을 거부한다”고 말했다. 이어 “미국은 미국 국민의 것이며, 모든 나라가 자국 국민을 지키는 입장을 취하길 바란다”고 덧붙였다. 그러면서 그는 “우리의 메시지는 매우 단순하다”며 “만약 당신이 불법적으로 미국에 들어온다면 감옥에 가거나, 당신이 왔던 곳으로 돌아가거나, 어쩌면 더 먼 곳으로 가게 될 것”이라고 재차 강조했다. 그러면서 불법 이민자 단속을 인도주의적 조치라고 주장하면서, 자신의 선거운동 모자에 새겨진 문구 “트럼프는 모든 점에서 옳았다”를 언급하며 “허풍이 아니라 사실”이라고 강조했다. 트럼프 대통령의 유엔에 대한 불만은 이번 연설에서 절정에 달했다. 그는 유네스코, 인권이사회, 세계보건기구(WHO) 등 국제기구에서 탈퇴하거나 거리를 두었고, 집권 이후 유엔 분담금 납부도 사실상 중단한 상태다. 유엔에 따르면 미국은 2024년분 체납액도 아직 갚지 않았다. 트럼프 대통령은 또 팔레스타인 자치정부 수반 마흐무드 아바스의 총회 참석을 금지하고, 이란 외교관에 대한 비자 발급도 제한했다. 그는 팔레스타인을 국가로 인정한 나라들을 비난하며 “하마스 테러에 대한 보상이 될 것”이라고 말했다. 23일(현지시간) 뉴욕 유엔 총회에서 이재명 대통령이 기조연설을 하고 있다. (사진=AFP) 이재명 “내외국인 동등한 존중”…외신, 정반대 발언 주목 이같은 트럼프의 반이민 발언은 이후 이재명 대통령 발언과 비교됐다고 블룸버그통신은 비중있게 다뤘다. 이 대통령은 이날 9번째 연설에서 “대한민국에 거주하는 내외국인 모두가 사회의 동등한 구성원으로서 삶의 모든 현장에서 존중받을 수 있도록 제도와 문화를 더욱 발전시켜 나가고자 한다”고 강조했다. 블룸버그는 최근 미국 조지아주 현대차-LG에너지솔루션 배터리 공장에서 한국인 노동자들이 대거 구금된 사건을 언급하며, 이로 인해 양국 관계에 긴장이 불거졌다고 보도했다. 아울러 이 사건이 7월 말 통상·투자 협정 체결 당시 약속된 수십억 달러 규모의 한국 투자를 위태롭게 할 수 있다는 우려도 제기됐다고 전했다. 경제 성과 강조하며 “세계에서 가장 뜨거운 나라” 트럼프 대통령은 연설 후반부에서 자신이 물가를 낮추고 임금을 끌어올렸다고 자평했다. 그는 “미국은 지금 세계에서 가장 뜨거운 나라”라며 이민이 다른 나라를 파괴하고 있다고 주장했다. 또 “유엔의 역할이 무엇이냐”며 “강한 표현의 서한만 쓰고 후속 조치는 하지 않는다. 빈말은 전쟁을 끝내지 못한다. 전쟁을 끝내는 것은 행동뿐”이라고 말했다. 기후변화 부정…“사기극이자 역사상 가장 큰 속임수” 주장 트럼프 대통령은 아울러 기후변화와 재생에너지 정책을 정면으로 부정하며 사실과 다른 주장을 잇따라 내놨다. 그는 이날 연설에서 각국의 온실가스 감축 노력과 이민 정책을 “쌍두 괴물”이라고 지칭하며 비판했다. 그는 기후변화를 “사기극”이자 “역사상 가장 큰 속임수”라고 규정하며 과거의 주장을 반복했다. 그러나 수십 년간의 과학적 연구는 인류의 화석연료 사용으로 지구가 급속히 온난화되고 있음을 입증하고 있다. 트럼프 대통령은 또 재생에너지를 “한심하다”고 조롱하면서 영국의 풍력 발전 확대를 문제 삼고 북해 석유 개발을 더 적극적으로 하지 않는다고 지적했다. 풍력·태양광 단지의 대규모 건설 사례를 언급하며 “미국에서는 이런 일이 벌어지지 않을 것”이라고 강조했다. 유엔 총회에서 잘 지켜지는 외교적 불문율을 깨고 국가들을 실명 비판한 것이다. 또 “탄소 발자국(carbon footprint)도 악의적인 의도로 꾸며낸 허구”라고 주장했다. 그러나 이는 과거 석유기업 BP가 대중 홍보를 위해 널리 사용한 개념이라고 블룸버그통신은 비판했다. 영국 환경단체 업리프트(Uplift)의 테사 칸 대표는 “트럼프 대통령의 영국 에너지 정책 평가가 아세트아미노펜이 자폐증을 유발한다는 그의 주장만큼이나 신뢰하기 어렵다”고 비꼬았다. 트럼프 대통령은 취임 직후 파리기후협정에서 탈퇴했고, 이번에도 오는 11월 브라질에서 열리는 제30차 유엔 기후변화협약 당사국총회(COP30)에 미국 대표단을 파견할지 불투명하다.",김상윤 기자,2025.09.24. 오전 7:10
연합뉴스,"트럼프 ""해외기업 투자 위축 원치않아…미국인들 훈련시켜주길""",https://n.news.naver.com/mnews/article/001/0015625198?sid=104,"한국인 구금사태 의식한듯…""우리는 그들을 환영하고 직원들도 환영"" 지지층 의식해 '기술전수 위한 외국인 기한부 수용'으로 설명 도널드 트럼프 미국 대통령 [EPA=연합뉴스. 재판매 및 DB 금지] (워싱턴=연합뉴스) 이유미 특파원 = 도널드 트럼프 미국 대통령은 14일(현지시간) ""나는 다른 나라나 해외 기업들이 미국에 투자하는 것을 겁먹게 하거나 의욕을 꺾고 싶지 않다""고 말했다. 트럼프 대통령은 이날 소셜미디어 트루스소셜에서 이같이 밝힌 뒤 ""우리는 그들을 환영한다. 우리는 그들의 직원을 환영한다""고 적었다. 그러면서 ""우리는 그들로부터 배울 것이며 그렇게 머지 않은 미래에 그들의 전문 영역에서 그들보다 더 잘하게 될 것이라고 기꺼이 자랑스럽게 말할 수 있다""고 밝혔다. 트럼프 대통령이 특정 국가나 기업을 언급한 것은 아니지만, 최근 미 이민 당국에 의한 대규모 한국인 구금 사태를 의식한 발언 아니냐는 해석이 나온다. 지난 4일 미 당국은 조지아주 현대차그룹-LG에너지솔루션 합작 배터리공장 건설 현장에서 일하던 한국인 317명을 포함해 475명을 체포·구금했다. 구금됐던 한국인들은 일 주일여 만에 석방됐지만 이들 중 일부는 합법적인 비자 소지자도 포함돼 있던 것으로 전해지면서 미 당국의 과도한 단속에 대한 반발과 기업들의 투자 위축 우려가 동시에 나오는 상황이다. 트럼프 대통령은 이날 ""외국 기업들이 매우 복잡한 제품, 기계, 다양한 '것들'을 만들기 위해 막대한 투자를 가지고 미국에 들어올 때, 나는 그들이 자국의 전문 인력을 일정 기간 데려와서 그들이 미국에서 점차 철수해 자국으로 돌아갈 때까지 미국인들에게 매우 독특하고 복잡한 제품들을 어떻게 만드는지 훈련시켜 주길 바란다""고 밝혔다. 또 ""우리가 이것을 하지 않는다면, 칩, 반도체, 컴퓨터, 선박, 열차 등과 같이 우리가 다른 나라로부터 만드는 법을 배워야 하거나 많은 경우 우리가 과거에 잘했지만 지금은 다시 배워야 하는 그런 많은 제품에 대한 막대한 투자는 애초에 들어오지 않을 것""이라고 말했다. 이는 해외 기업이 미국에 투자할 때 트럼프 행정부로선 전문 인력의 지식 이전 역시 중요하게 보고 있다는 의미로 풀이된다. 한국인 구금 사태를 계기로 미국에 투자하는 한국 기업들 사이에서 미국에 당장 업무에 투입할 숙련도 있는 기술자가 없다는 지적이 제기된 데 대한 반박 차원으로도 읽힌다. 이번 트럼프 대통령의 SNS 글은 자신의 반(反) 이민 정책에 동조해온 강성 지지층과,  최근 한국인 근로자 300여명 구금 사태를 우려스럽게 보는 한국을 포함한 국제사회에 동시에 보내는 메시지로 풀이된다. 지지층에 전문기술을 가진 외국 인력을 받아들이지 않으면 미국의 제조업 기반 재건을 이룰 수 없는 현실을 설명하는 동시에, 한국을 비롯한 각국의 대미투자 기업들에는 전문 기술 인력의 미국 체류를 보장하겠다는 메시지를 던진 것으로 보인다. 다만 외국 기술인력을 받아들이는 것은 미국 국민들에게 기술을 전수하기 위함이며, 그 과업이 끝나면 자국으로 돌아간다는 점을 분명히 함으로써 외국 기술인력 유입 허용이 강경한 반이민 정책의 유연화를 의미하지는 않는다는 점도 부각했다. 한미는 한국인 근로자 구금 사태를 계기로 대미 투자 한국 기업 기술인력의 안정적 미국 체류를 보장하기 위한 비자 제도 개선 방안을 협의하고 있다. [그래픽] 미 구금·귀국 한국인 비자 현황 (서울=연합뉴스) 이재윤 기자 = 미국 조지아주에서 미 이민 당국에 체포·구금됐던 한국인 300여명이 무사히 귀국한 가운데, 업계는 미국 인력 확보와 공장 건설 지연 대응에 총력을 기울이고 있다. 트럼프 정부는 미국인 고용을 주문하고 있지만, 현장 투입 인력 교육에는 최소 6개월, 많게는 5∼6년이 걸려 업계는 ""비현실적""이라고 입을 모은다. yoon2@yna.co.kr X(트위터) @yonhap_graphics  페이스북 tuney.kr/LeYN1 yumi@yna.co.kr",이유미 기자,2025.09.15. 오전 4:23
조선일보,미국맥주를 다시 위대하게? 트럼프 반(反)이민정책에 맥주시장 지각변...,https://n.news.naver.com/mnews/article/023/0003931056?sid=104,"미국 맥주 시장 판매 1위를 달성한 미켈롭울트라/앤하이저부시 홈페이지 미국 도널드 트럼프 행정부의 반(反)이민 정책과 관세전쟁 여파가 미 맥주 시장 판도를 흔들고 있다. 24일 시장조사 업체 서카나에 따르면, 주류 회사 앤하이저부시의 맥주 ‘미켈롭 울트라’는 이달 14일까지 52주 동안 미국 소매시장 판매 1위를 기록한 것으로 나타났다. 라이벌인 멕시코 맥주 ‘모델로 에스페시알’을 2년 만에 1위 자리에서 밀어냈다. 모델로 에스페시알은 지난 1월 트럼프 대통령 취임 이후 불법 이민자 단속이 강화되면서 판매량이 눈에 띄게 줄어들었다. 모델로 에스페시알 수입사인 콘스텔레이션 브랜즈는 “정부의 대규모 추방 정책이 히스패닉 소비자를 위축시켜 매출에 타격을 주고 있다”고 했다. 모델로 소비자의 절반 이상이 히스패닉인데, 고용 불안과 가계경제 악화로 이들이 외식과 모임을 줄이면서 맥주 소비도 급감했다는 것이다. CNN은 또 다른 멕시코 맥주 ‘코로나’ 역시 판매세가 꺾이고 있다고 전했다. 여기에 멕시코산 수입품에 대한 관세가 25%로 인상되면서 가격 인상도 불가피한 상황이다. 앤하이저부시는 미켈롭 울트라를 앞세워 2년 만에 판매 1위 자리를 탈환하게 됐다. 앤하이저부시는 모델로에 앞서 간판 제품 ‘버드 라이트’로 2001년부터 20년 넘게 미국 맥주 시장 1위를 지켰다. 그러나 2023년 트랜스젠더 인플루언서에게 특별 제작한 제품을 협찬했다가 보수층의 불매운동에 타격을 입었다. 당시 한 달 만에 모델로에 1위 자리를 내줬던 앤하이저부시가 반격에 나서면서 전면에 내세운 맥주가 미켈롭 울트라다. 지난해 파리올림픽에서 미국 대표팀을 후원하고, 축구 스타 리오넬 메시를 광고 모델로 기용하는 등 공격적인 마케팅을 펼치면서 인지도를 끌어올렸다. 지난해에는 미국 내 바·레스토랑 생맥주 점유율에서 처음으로 미켈롭 울트라가 버드 라이트를 넘어서기도 했다. 조선일보 국제부가 픽한 글로벌 이슈! 원샷 국제뉴스 더보기 (https://www.chosun.com/tag/oneshot/)",김지원 기자,2025.09.24. 오후 2:36
뉴스1,"H-1B 비자 충격, 가장 피해 볼 나라는 인도가 아니라미국",https://n.news.naver.com/mnews/article/421/0008503821?sid=104,"해당기사 - BBC 갈무리 (서울=뉴스1) 박형기 기자 = 미국 트럼프 행정부의 H-1B 비자 수수료 100배 인상은 처음에는 인도에 큰 타격을 가할 것이지만, 결국 미국에 엄청난 악영향을 미치는 자충수가 될 것이라고 영국 BBC가 23일 보도했다. 백악관은 지난 19일 해외 기술 인력에 제공되는 H-1B 비자 수수료를 기존의 1000달러에서 10만달러(1.4억원)로 인상한다고 발표했다. 이민 전문가들은 10만달러의 수수료가 지나치게 높다고 일제히 비판하고 있다. 2023년 기준 신규 H-1B 직원의 평균 급여가 9만4000달러이기 때문이다. 배보다 배꼽이 더 큰 것이다. 이번 조치로 일단 인도가 가장 큰 타격을 입을 전망이다. H-1B 비자의 71%가 인도인에게 발급되기 때문이다. 그동안 인도인에게 H-1B 비자는 아메리칸드림을 실현하는 티켓이었다. 이 비자로 돈을 번 인도인들이 고향에 부동산을 사는 등 투자하면서 인도 경기는 활황을 구가할 수 있었다. 그러나 수수료 100배 인상으로 인도에서 이같은 특수는 더 이상 지속되지 않을 전망이다. 하지만 다음 피해국은 미국이 될 것이라고 BBC는 전망했다. 그 피해는 더욱 광범위하고 깊을 것이라고 덧붙였다 인도인 인력이 없으면 실리콘밸리가 마비될 것이기 때문이다. 실리콘밸리에서 일하는 인력 중 4분의 1이 인도인이다. 특히 의사 직종은 엄청난 타격을 받을 전망이다. 미국 전체 의사 중 인도인의 비중이 6%를 넘는다. 2023년 회계연도에 인도인 의사 8200명에게 H-1B 비자가 발급됐었다. 이는 당해 외국의 의사의 22%를 차지한다. 이민 정책 분석가인 길 게라는 BBC와의 인터뷰에서 “인도가 먼저 충격을 느낄 수 있지만 파급 효과는 미국에서 더 깊고 광범위할 것”이라고 전망했다. 일단 인포시스 등 인도의 IT 기업들은 현지 인력을 재구축하고 배송 시스템을 해외로 이전하는 등 오랫동안 이에 대비해 왔다. 또 인도 기업들은 수수료 폭등으로 인한 비용을 미국 소비자에게 전가할 가능성이 크다. 이에 따라 미국에 미치는 영향은 광범위하고 심각할 것이다. 의사 부족에 직면한 병원, 학생 유치에 어려움을 겪는 대학, 로비 역량이 없는 스타트업(새싹 기업) 기업에 일단 큰 충격을 줄 것이다. 이민 전문가들은 ""비자 수수료 인상은 미국 기업들이 고용 정책을 근본적으로 바꾸고 상당 부분 업무를 해외로 이전하도록 강요할 것""이라고 입을 모으고 있다. 트럼프가 미국인 일자리 보호를 위해 조치를 취했지만, 아웃소싱을 가속화 해 일자리가 오히려 줄 것이란 얘기다. 카토 연구소의 이민 연구 책임자 데이비드 비어는 ""이는 미국의 혁신과 경쟁력에 치명적인 타격을 입힐 것""이라고 말했다고 BBC는 전했다.",박형기 기자,2025.09.23. 오후 3:38
SBS,"미국의회조사국 ""구금사태로 한국의 한미관계 우려 고조돼""",https://n.news.naver.com/mnews/article/055/0001293410?sid=100,"▲ 조지아주 현대차그룹-LG에너지솔루션 직원 양손과 다리에 체인 묶는 단속요원들 미국 조지아주 현대차그룹-LG에너지솔루션 합작 배터리공장 건설 현장에서 한국인 노동자 300명 이상이 미국 이민 당국에 의해 체포·구금됐던 사태가 한미관계에 악영향 요인으로 작용하고 있다는 미국 연방의회 측 분석이 나왔습니다. 미 의회조사국(CRS)은 현지시간 지난 12일, 한미관계를 업데이트한 보고서에서 ""도널드 트럼프 대통령과 이재명 대통령간 첫 정상회담의 긍정적인 분위기에도 불구하고 한미 관계에는 도전과제가 남아 있을 수 있다""며 도전 과제 중 하나로 이번 사태를 꼽았습니다. CRS는 ""9월 4일 조지아주 한국 자동차 업체 현대의 제조 공장에서 진행된 이민 단속 작전은 양자 관계에 대한 한국의 우려를 고조시켰다""고 평가했습니다. 이어 ""미국 이민정책이 외국 투자를 통한 미국 제조업 일자리 확대라는 미국의 목표와 상충될 수 있다는 의문도 높였다""고 덧붙였습니다. 보고서는 그러면서 의회에 법안 하나가 계류돼 있으며 이 법안이 ""한국 국적자에 대한 고숙련 비자를 제공할 수 있다""고 소개했습니다. 해당 법안은 한국계인 영 김 하원의원(공화·캘리포니아)이 지난 7월 119대 의회 들어 재발의한 것으로 연간 최대 1만 5천개의 한국인 전문직 취업비자(E-4)를 발급하는 것을 골자로 합니다. CRS는 아울러 ""많은 한국 전문가는 트럼프 대통령이 대북정책을 개발하면서 서울(한국 정부)을 우회할 수 있다는 우려를 표명하고 있다""고 지적했습니다. 지난달 25일 백악관에서 열린 한미 정상회담에 대해서는 ""양국 정상은 주요 발표를 하지 않았지만, 한미 관계의 강력함과 중요성을 강조했다""고 평가했습니다. 이어 ""공동 방위비용 분담, 주한미군 병력, 대만사태를 포함한 중국의 위협에 집중하기 위해 주한미군을 재편하려는 트럼프 행정부의 의향 등 일부 잠재적 동맹 이슈를 해결하지 못한 채 남겨뒀다""고 설명했습니다. (사진=ICE 홈페이지 영상 캡쳐, 연합뉴스)",박찬범 기자,2025.09.18. 오전 12:00
헤럴드경제,"“미국인 일자리 뺏지마라”라…美 전문직비자 수수료, 1억4000만원으로...",https://n.news.naver.com/mnews/article/016/0002532299?sid=104,"블룸버그 “H-1B 수수료 현재의 100배 수준 인상 계획” “트럼프의 反이민정책 재원 마련 목적” 도널드 트럼프 미국 대통령. [EPA] [헤럴드경제=신주희 기자] 미국이 ‘전문직 비자’로 불리는 H-1B 비자의 수수료를 10만달러(약 1억4천만원)로 대폭 증액할 예정이라고 블룸버그통신이 19일(현지시간) 보도했다. 보도에 따르면 도널드 트럼프 대통령은 H-1B 비자 프로그램을 대대적으로 개편하는 포고문에 이르면 이날 서명할 예정이다. H-1B 비자는 과학·기술·공학·수학(STEM) 분야의 전문 직종에 적용되는 비자로, 추첨을 통한 연간 발급 건수가 8만5000건으로 제한돼 있다. 기본 3년 체류가 허용되며, 연장도 가능하고, 영주권도 신청할 수 있다. 트럼프 대통령은 H-1B 비자 발급이 미국인의 일자리를 빼앗는다는 인식을 갖고 있다. 중국·인도인 비중이 높은 H-1B 비자를 활용, 기업들이 저렴한 비용으로 외국 인력을 데려오면서 미국인의 일자리가 잠식된다는 것이다. 또 H-1B 비자의 ‘남용’ 탓에 미국인들이 STEM 분야에서 경력을 쌓지 않도록 하는 요인이 된다고 블룸버그가 확보한 백악관 내부 자료는 진단했다. 이에 따라 트럼프 대통령은 노동부 장관에게 H-1B 프로그램의 통상임금 수준을 수정하기 위한 규제 제정 절차에 착수하도록 지시할 방침이라고 블룸버그는 전했다. 특히 H-1B 비자가 추첨제로 운영되다 보니 인력 파견 회사들이 비자를 대량 신청하는 부작용이 나타났다고 판단, 현재 약 1000달러인 신청 수수료를 10만달러로 대폭 증액할 계획이다. 앞서 미 국토안보부 산하 이민국(USCIS)의 조셉 에들로 국장은 지난 7월 뉴욕타임스(NYT) 인터뷰에서 H-1B 비자의 발급 시스템을 바꿔 심사를 강화하겠다고 밝힌 바 있다. 블룸버그는 정부의 이번 방침과 관련, “대통령의 세금 법안에 규정된 취업 허가, 망명 신청, 인도적 보호에 대한 일련의 수수료 인상과 맞물려 나타나고 있다”며 “신규 구금시설 확보, 이민 단속 요원 채용, 국경 장벽 건설 확대를 위한 재원 확보 목적”이라고 전했다.",신주희 기자,2025.09.21. 오후 3:16
한국일보,"美 기업들, 전문직비자 변경에 경악… ""외국에 있다면 즉각미국복귀""",https://n.news.naver.com/mnews/article/469/0000888260?sid=104,"H-1B 비자 수수료 10만 달러... 100배 인상 마이크로소프트 ""당분간 해외 여행 삼가야"" JP모건 ""새 비자 정책 시행 전까지 돌아와야"" 도널드 트럼프 미국 대통령이 19일 워싱턴 백악관 오벌 오피스에서 골든 카드 비자를 신설하는 행정명령에 서명한 뒤 서류를 들어보이고 있다. 워싱턴=로이터 연합뉴스 도널드 트럼프 미국 행정부가 이른바 '전문직 비자'인 H-1B 비자 수수료를 100배 인상하자 외국인을 다수 고용한 미국 기업에 비상이 걸렸다. 19일(현지시간) 로이터통신에 따르면 마이크로소프트는 사내 이메일에서 자사의 H-1B 비자 보유자들에게 ""당분간 미국 내에 체류해야 한다""고 공지했다. 현재 미국 바깥에 체류 중인 H-1B, H-4 비자 보유자의 경우 20일까지 미국으로 돌아올 것을 강력하게 권고했다. 투자은행 JP모건의 이민 관련 외부 법률고문도 자사의 H-1B 비자 보유자들에게 ""미국을 떠나지 말고 추후 지침이 나오기 전에는 해외여행을 삼가라""고 조언했다. 특히 ""미국 외 지역에 체류 중이라면 9월 21일 0시1분 이전에 미국으로 돌아올 것을 강력하게 권고한다""는 내용의 이메일을 발송했다. 새로운 비자 정책이 시작되기 전까지 미국으로 복귀해야 한단 것이다. 트럼프 대통령은 1,000달러였던 H-1B 비자 수수료를 21일부터 1인당 연간 10만 달러(약 1억4,000만 원)으로 인상한다는 포고문을 이날 발표했다. H-1B 비자는 과학·기술·공학·수학(STEM) 분야 전문 직종을 위한 비자로 전문직 비자로 불린다. H-4비자는 H-1B 비자 보유자의 가족에게 발급되는 비자다. 트럼프 대통령은 이번 수수료 인상이 기업의 비자 발급 부담을 가중해 외국인 대신 미국인을 고용하겠다는 취지라고 밝혔다. 하워드 러트닉 미국 상무장관은 포고문 서명식에서 ""회사는 이 사람이 정부에 10만 달러를 지급할 만큼 가치가 있는지를 결정해야 한다""고 말했다.",박지영 기자,2025.09.20. 오후 4:34
조선비즈,"트럼프 행정부, 해외 원조 재편 추진…“‘아메리카 퍼스트’정책에 2...",https://n.news.naver.com/mnews/article/366/0001111008?sid=104,"反美 정권 대응·그린란드 투자에 자금 투입 재배치 자금 규모 크고 사업 구체성 떨어져 트럼프, 지난 8월에도 50억달러 규모 해외원조 중단 미 의회, 단기 예산안 통과 문제로 ‘셧다운’ 직전 도널드 트럼프 미국 행정부가 의회가 배정한 해외 원조 자금 약 20억달러(약 2조8000억원)를 미국우선주의 기조에 맞춰 재배치하려는 계획을 추진하고 있다. 의회의 지출 권한에 정면으로 도전하는 이번 방안은 미국 해외 원조 정책의 근본적 변화를 예고하면서 정치권 안팎의 논란을 키우고 있다. 연합뉴스 24일(현지 시각) 워싱턴포스트(WP)에 따르면, 국무부는 20억달러 규모 해외 원조 자금을 반미(反美) 마르크스 정권 대응, 그린란드·우크라이나 투자 등에 대신 투입하는 것을 골자로 하는 예산안을 지난 12일 의회에 제출했다. 팔레스타인 가자지구 재건에 배정된 1억7500만달러와 이라크 인도주의 지원금 1억5000만달러는 삭감 대상에 포함된 것으로 나타났다. 문서에 따르면 국무부는 “미국의 국가 안보 이익을 위해 해외 원조 자금을 새로운 도전에 활용해야 한다”며 “미국을 더 안전하고 강하며 번영하게 만들 필요가 있다”고 명시한 바 있다. 트럼프 행정부가 기존 미국이 표방해 온 ▲질병 퇴치 ▲기아 종식 ▲민주주의 증진 중심 원조 지원을 중단하겠다는 의지를 드러낸 것으로 풀이된다. 회계연도 말일인 9월 30일을 앞두고 자금 재배치가 요청되는 것은 그 자체로 이례적인 사안은 아니라는 게 전문가들의 입장이다. 다만 이번에는 재배치가 요청된 예산 규모가 전례 없이 큰 수준인 데다 사업의 구체성이 떨어진다는 것이 공통으로 지적받고 있다. 의회 보좌진들은 “예산 중 일부는 아제르바이잔-아르메니아 평화 유지 지원, 아태 지역 동맹국 지원 등 초당적 지지를 받을 만한 사업에도 쓰일 예정”이라면서도 “행정부의 우선순위가 불분명하며, 이미 지정된 자금을 전용하려는 법적 근거가 취약하다”며 문제를 제기하고 있다. 실제로 이번 계획에는 ‘아프리카 내 미국 이민 정책 지원’, ‘그린란드 경제 개발·환경 보존 사업’ 등 구체성이 부족한 항목도 포함돼 논란을 빚고 있다. 국무부는 이와 관련해 “추후 더 자세한 설명을 하겠다”는 입장만을 밝힌 상태다. 앞서 트럼프 행정부는 지난 8월에도 약 50억달러 규모의 해외 원조 집행을 중단하겠다고 의회에 통보해 거센 반발을 샀다. 당시 공화당 소속인 수전 콜린스 상원 예산위원회 위원장마저도 “의회 승인 없이 배정된 자금을 취소하려는 시도는 명백한 불법”이라며 비판의 목소리를 높였다. 미 의회는 현재 단기 예산안 통과 문제로 인해 진통을 겪고 있는 상태다. 내년 회계연도(2025년 10월~2026년 9월) 연방 정부 예산안을 놓고 공화당과 민주당은 이견을 좁히지 못하고 있는데, 오는 30일까지 여야가 예산안에 합의하지 못하면 다음달 1일부터 미국 연방 정부는 필수 업무를 제외하고 사실상 행정 기능을 멈추는 ‘셧다운(shutdown)’ 사태에 돌입할 예정이다. 여야 간 갈등은 진화될 기미를 보이지 않고 있다. 민주당 소속 잔 샤힌 상원의원은 성명을 통해 “행정부는 의회가 승인한 민주주의 강화, 평화 증진, 취약계층 지원 사업을 뒤엎고 해당 예산을 무책임한 ‘비자금’으로 전락시키고 있다”고 비판했다. 반면 공화당 측 관계자는 “이번 결정은 표준적인 절차를 따른 것”이라며 “자금을 해외 원조 대신 미국 안보 증진에 활용해 더 효과적으로 운용해야 한다”고 반박했다.",현정민 기자,2025.09.25. 오후 3:47
YTN,"미이민당국 시설 총격, 1명 사망...트럼프 ""급진 좌파 때문""",https://n.news.naver.com/mnews/article/052/0002251627?sid=104,"[앵커] 미 텍사스주 이민당국 구금시설에서 총격사건이 일어나 수감자 1명이 숨지고 2명이 중태에 빠졌습니다. 현장에서 발견된 탄피에는 이민당국을 반대한다는 문구가 새겨져 있었는데, 트럼프 대통령은 급진 좌파 때문이라고 비난했습니다. 워싱턴 홍상희 특파원입니다. [기자] 미 텍사스주 댈러스 이민세관단속국 구금시설 앞에 경찰 차량이 빼곡히 들어서 있습니다. 미 연방수사국, FBI 요원들은 건물 옥상에 올라가 증거 수집에 나섰습니다. 현지 시간 24일 이른 아침, 댈러스의 이민세관단속국, ICE 구금시설에서 총격 사건이 일어나 수감자가 목숨을 잃었습니다. 근처 옥상에서 구금시설과 출입구 차량을 향해 총격을 난사한 범인도 숨진 채 발견됐습니다. FBI는 범인이 현장에 남긴 탄피에 'ICE 반대' 문구가 새겨져 있었다며 이념적 동기로 인한 범행이라고 밝혔습니다. [조 로스록 / FBI 특수 요원 : 현재 시점에서 FBI는 이 사건을 표적 폭력 행위로 수사 중입니다.] 불법 이민자 단속 기관에서 일어난 총격 사건에 트럼프 대통령은 급진좌파 때문이라며 목소리를 높였고, 미 행정부 관료들은 일제히 진보진영에 화살을 돌렸습니다. [JD 밴스 /미국 부통령 : 도널드 트럼프의 이민 정책에 동의하지 않아도 됩니다. 하지만 당신의 정치적 수사가 법 집행 기관에 대한 폭력을 조장한다면, 지옥에나 가세요.. 당신은 미국 정치 담론에서 설 자리가 없습니다.] 크리스티 놈 국토안보부 장관도 이번 사건이 이민세관단속국에 대한 극좌파의 과격한 발언 때문이라고 비난했지만, 증거는 제시하지 않았습니다. 미 NBC는 총격범은 소속 정당이 없는 29세 남성으로 가족들은 정치에 관심이 없었다고 주장했습니다. 텍사스에서는 앞서 지난 7월에도 이민자 구금 시설에서 총격 사건이 일어나 경찰관이 총상을 입는 등 이민자 관련 시설에 대한 공격이 이어지고 있습니다. 유타주에서 보수 청년 활동가 찰리 커크가 피살된 데 이어 텍사스주에서도 미 이민당국을 겨냥한 총격 사건이 잇따라 일어나면서 보수와 진보 진영의 갈등이 미국 내 전역으로 확산하고 있습니다. 워싱턴에서 ytn 홍상희입니다. 촬영 : 강연오 ※ '당신의 제보가 뉴스가 됩니다' [카카오톡] YTN 검색해 채널 추가 [전화] 02-398-8585 [메일] social@ytn.co.kr",홍상희 기자,2025.09.25. 오전 7:25
연합뉴스,"美이민수장 ""조지아 구금자들 추방된다…소수는 범죄 책임져야""(종합)",https://n.news.naver.com/mnews/article/001/0015613282?sid=104,"국토안보장관 英방문중 발언…""퇴거명령 시한 넘겨 美에 체류한 이들도"" 한국인 특정여부 등 의미불분명…같이 체포된 제3국적자 관련 언급일수도 8일 런던 방문한 크리스티 놈 미 국토안보 장관 [로이터 연합뉴스] (런던·워싱턴=연합뉴스) 김지연 김동현 특파원 = 한국 정부가 미국 이민 당국에 구금된 한국 기업인들을 자진출국 형태로 석방하려고 노력하는 가운데 이민 정책을 총괄하는 미국 국토안보부(DHS)의 크리스티 놈 장관이 '추방'이라는 표현을 써 주목된다. 추방(deportation)의 경우 자진출국과 달리 미국 재입국 제한 등 큰 불이익이 따른다. 놈 장관은 8일(현지시간) 영국 런던에서 열린 '파이브 아이즈'(미국·영국·호주·뉴질랜드·캐나다 정보 동맹) 국토 안보 담당 장관 회의에서 미국 조지아주에 구금된 한국인과 관련해 '몇명이나 구금됐나? 그들은 추방되나? 그들은 떠나도록 허가를 받는건가? 그들은 미국 재입국이 금지되나?'라는 질문을 받았다. AP통신의 영상을 보면 이런 질문에 놈 장관은 ""이 나라(미국)에 불법으로 체류하는 사람들은 그들이 구금되기 전에 집에 갈 기회가 있다는 것을 당장 오늘 알 필요가 있다""고 답했다. 이어 ""그래서 조지아에서의 그 작전을 통해 구금된 개인들 다수에 대해 우리는 법대로 하고 있다. 그들은 추방(deported)될 것이다. 소수(a few)는 단지 최종 퇴거명령(removal order) 시한을 넘겨서 여기(미국)에 있는 것 이상의 범죄 활동을 했는데 그들은 그에 대한 책임을 지게 될 것""이라고 말했다. 현재 정부는 미국 이민 당국과 한국 기업 직원들 석방에 큰 틀에서 합의했으며 이는 추방이 아닌 자진 출국 형식으로 추진되고 있다. 다만 놈 장관이 자진 출국이 아니라는 의미로 추방이라는 표현을 썼는지, 자진 출국을 '추방'으로 통칭한 것인지 등 '추방' 표현을 쓴 의도는 불분명하다. 당시 단속에서 체포된 475명 중 한국인은 300여명이고 다른 국적자도 있다는 점에서 놈 장관의 발언이 한국인을 특정하지 않았을 가능성도 있다. 연합뉴스는 국토안보부에 놈 장관의 발언에 대해 질의했으나 당장 답변을 받지는 못했다. 놈 장관은 이번 사태에 대해 ""모든 기업이 미국에 올 때 게임의 규칙이 무엇인지 확실히 알게 되도록 하는 훌륭한 기회""라면서 이번 일이 미국에 대한 투자를 억제시키지 않을 것이라고 본다고 말했다. 그는 ""우리는 미국에 와서 우리 경제에 기여하고 사람들을 고용하고자 하는 모든 기업에 미국 시민을 고용하고, 미국 법을 따르며 올바른 방식으로 일하려 하는 사람들을 데려오도록 장려하고 있다""고 말했다. 로이터 통신도 놈 장관이 이번 일과 관련해 미 정부가 법을 따르고 있다고 정부 조치를 옹호하면서 미국의 강력한 조치는 다른 국가들에게 그같이 행동하도록 영감을 줄 수도 있다고 주장했다고 전했다. 놈 장관은 시카고에서 이민 단속 확대 및 주방위군 파견 계획이 지역 당국의 반대로 보류됐다는 관측을 부인했다. 그는 ""아무것도 보류되지 않았다""며 ""모든 것이 전속력으로 진행 중""이라고 말했다. cherora@yna.co.kr",김동현 기자,2025.09.09. 오전 4:38
한국일보,'비자 신(神)'에 기도까지...미국비자 수수료 인상에 인도 반발,https://n.news.naver.com/mnews/article/469/0000888351?sid=104,"H-1B 비자 수수료 1억4000만원으로 인상 비자 소지자의 71%는 'IT 강국' 인도 출신 상당수 일자리 잃고, 印 외화 수입도 타격 도널드 트럼프 미국 대통령이 19일 워싱턴 백악관 집무실에서 비자 관련 행정명령에 서명하고 있다. 워싱턴=로이터 연합뉴스 도널드 트럼프 미국 행정부가 ‘전문직 비자’로 불리는 H-1B 비자 수수료를 현행 1,000달러(약 140만 원)에서 10만 달러(약 1억4,000만 원)로 100배 인상하기로 하면서 인도 정부가 강한 우려 를 드러냈다. 인도인 10명 중 7명이 이 비자를 통해 미국에서 일해온 만큼, 갑작스러운 정책 변경이 인도 경제와 가정에 직격탄이 될 수 있다는 근심이 깔려 있다. 21일 타임스오브인디아 등에 따르면 인도 외교부는 성명을 통해 “미국 정부의 H-1B 비자 수수료 인상 계획을 인도 산업계를 포함한 모든 관련 기관이 검토하고 있다”고 밝혔다. 외교부는 “ 이번 조치는 (비자 발급자) 가족에게 혼란을 일으키고 인도주의적 결과를 초래할 수 있다”며 “미국 당국이 적절하게 해결하기를 희망한다 ”고 강조했다. 이어 “숙련 인재의 이동과 교류는 미국과 인도 모두의 부 창출에 크게 기여해 왔다”며 상호 이익을 고려한 재검토를 촉구했다. 지난 2012년 10월 인도 남부도시 코치의 킨프라 하이테크파크에 위치한 스타트업 사무실에서 한 IT 회사 직원이 작업을 하고 있다. 코치=로이터 연합뉴스 자료사진 이는 전날 백악관이 ”미국 근로자의 일자리를 대체하고 국가 안보를 약화시키는 남용을 막기 위해 H-1B 비자 신규 신청 시 10만 달러의 추가 납부금을 요구한다”고 발표한 데 따른 대응이다. 미국 정부의 조치는 ‘저렴한 인건비를 앞세운 외국 노동자들이 H-1B 비자를 이용해 미국에 정착하면서 미국인 일자리를 빼앗고 있다’는 강성 마가(MAGA·미국을 다시 위대하게) 진영의 주장과 맞닿아 있다 . 트럼프 대통령은 같은 날 관련 포고문에 서명하면서 쐐기를 박았다. 새 수수료 규정은 21일 0시 1분(현지시간)부터 발효됐다. 인도가 가장 먼저 반발한 것은 자국이 대표적인 글로벌 정보기술(IT)서비스 아웃소싱 국가이기 때문이다. H-1B 비자는 주로 과학·기술·공학·수학(STEM) 분야의 전문 직종에 적용된다. 연간 발급 건수가 8만5,000건으로 제한돼 있는데, 이 가운데 71%를 ‘IT 강국’ 인도 출신 기술자들이 차지 했다. 상당수는 아마존, 마이크로소프트, 구글 등 미국 빅테크로 진출한 상태다. 이번 수수료 인상으로 미국 진입 장벽이 급격히 높아질 경우 상당수가 일자리를 잃게 되고, 인도의 외화 수입에도 타격이 불가피 한 까닭에 정부 차원에서 대응에 나선 것이다. 인도 텔랑가나주 하이데라바드 칠쿠르 발라지 사원에서 인도 청년들이 나무에 신성한 실을 묶은 후 기도를 올리고 있다. 영국 가디언 캡처 인도 IT업계 역시 충격을 감추지 못하고 있다. 현지 아웃소싱 기업 연합체인 인도소프트웨어산업연합회는 “H-1B 제도가 촉박한 기간에 급격히 바뀌면서 전 세계 기업과 전문가, 유학생에게 상당한 불확실성 을 주고 있다”고 지적했다. 미국 정부의 강화된 비자 규제로 일부 인도인들이 ‘비자 신’에게 기도를 올리는 웃지 못할 풍경도 연출됐다. 미국 월스트리트저널은 “인도 남부 텔랑가나주(州) 하이데라바드의 600년 된 칠쿠르 발라지 사원은 ‘비자 성지’로 불린다”며 “이곳에서 기도하면 미국 등 해외 정착에 필요한 비자가 잘 나온다는 입소문이 퍼져 있어 발길이 끊이지 않는다”고 전했다. 트럼프 행정부의 반(反)이민 정책 강화 분위기 속에서, 미국에서 새 기회를 찾으려는 인도인들이 기도로 불안을 달래고 있다는 해석이다.",허경주 기자,2025.09.21. 오후 4:30
국민일보,“그리스도께서 그랬듯 암살자를 용서한다”…미국울린 커크 아내의 고...,https://n.news.naver.com/mnews/article/005/0001803760?sid=104,"트럼프 대통령, 밴스 부통령 등 행정부 총출동 “우리가 찰리다” “그는 순교자” 찰리 추모 행사 내내 찬송가, 순교와 천국 등 기독교 메시지 넘쳐 나 도널드 트럼프 미국 대통령이 애리조나주 글렌데일에서 21일(현지시간) 열린 찰리 커크  추모식에서 커크의 아내 에리카를 위로하고 있다. 연합뉴스 미국 보수주의 청년 활동가 찰리 커크를 기리는 추모식에서 커크의 아내가 남편을 살해한 범인을 용서한다고 밝혔다. 21일(현지시간) 미국 애리조나주 글렌데일의 스테이트팜 스타디움에서 열린 추모 행사에는 트럼프 행정부 인사들이 총출동한 가운데 찬송가와 신앙에 관한 메시지가 흘러넘치면서 부흥회 같았다는 평가가 나왔다. 도널드 트럼프 미국 대통령에 앞서 추모사를 한 커크의 아내 에리카는 남편을 살해한 용의자 타일러 로빈슨을 용서하겠다고 공개적으로 밝혔다. 에리카는 “아버지여, 그들을 용서하소서. 그들이 자신이 무슨 일을 하는지 알지 못합니다”라는 예수님의 십자가 발언을 인용했다. 그러면서 “그를 용서한다. 그것이 그리스도께서 하신 일이기 때문”라며 “증오에 대한 해답은 증오가 아니다”라고 말했다. 그러면서 “그는 자기 생명을 앗아간 바로 그와 같은 젊은이들을 구하고 싶어 했다”고 덧붙였다. 미국 보수주의 청년 활동가 찰리 커크의 아내 에리카가 21일(현지시간) 미국 애리조나주 글렌데일에서 열린 추모식에서 남편을 기리는 연설을 한 뒤 눈물을 쏟고 있다. 연합뉴스 그의 발언에 추모식 참석자 대부분이 기립해 박수를 보냈다. 그는 커크가 설립한 ‘터닝포인트USA’의 유산을 이어가겠다며 “찰리의 비전과 노력으로 터닝포인트USA가 이룬 모든 것을 우리는 열 배 더 크게 만들 것”이라고 했다. 에리카는 추모사 뒤 무대에서 한참 동안 눈물을 흘렸다. 미국 보수주의 활동가 찰리 커크의 아내 에리카 커크가 21일(현지시간) 미국 애리조나주 글렌데일에서 열린 추모식에서 눈물을 닦고 있다. 연합뉴스 트럼프 대통령은 추모사에서 커크를 ‘순교자’라고 불렀다. 그는 “찰리 커크는 천국의 영광 속에 영원히 잠들어 있다”며 “찰리는 우리에게 단순한 정치적 재정렬이 아니라 영적 각성이 필요하다고 믿었다”고 말했다. 이어 “우리는 잃어버린 친구이자 리더를 애도하지만, 그의 신앙으로 힘을 얻고 용기로 북돋우며 그의 모범으로 앞으로 나아갈 것”이라며 찰리에게 대통령 자유훈장을 수여하겠다고 밝혔다. 도널드 트럼프 미국 대통령과 찰리 커크의 아내 에리카가 21일(현지시간) 애리조나주 글렌데일에서 열린 추모행사에서 함께 무대에 올라와 있다. 연합뉴스 트럼프는 특히 “찰리는 자신의 반대자들을 미워하지 않았고 그들에게 최선이 있기를 바랐다. 그 점에서 나는 찰리와 의견이 달랐다”며 “나는 내 반대자들이 싫고, 그들에게 좋은 일이 생기길 바라지 않는다”고 농담하기도 했다. 또 “한국 서울에선 군중이 모여 성조기를 흔들며 ‘우리는 찰리 커크를 지지한다’고 소리쳤다”고 전했다. 커크는 암살 직전 서울을 방문해 보수주의 행사에 참석한 바 있다. 추모 행사에는 트럼프 외에 J D 밴스 부통령 마코 루비오 국무장관, 피트 헤그세스 국방장관, 로버트 케네디 주니어 보건복지장관 털시 개버드 국가정보국장 등 핵심 각료들이 총출동했다. 이들은 모두 연단에 올라 커크를 향한 추모사를 했다. J D 밴스 부통령은 “우리에게서 찰리를 빼앗아간 자는 오늘 우리가 장례식을 치를 것이라고 예상했을 것”이라며 “하지만 우리는 찰리 커크와 주 예수 그리스도를 기리는 부흥회와 축하를 가졌다”고 말했다. 그는 이어 “우리 행정부 전체가 여기 모였지만 단순히 친구로서 찰리를 사랑했기 때문만은 아니다. 그 없이는 우리가 여기 있을 수 없었을 거라는 걸 알기 때문”이라며 “찰리는 우리 정치의 균형을 재편한 조직을 구축했다”고 했다. 그러면서 “찰리는 예수 그리스도가 만왕의 왕이라는 진리를 가져왔다”며 “우리는 그가 미국의 영웅임을 기억해야 한다. 그리고 그는 기독교 신앙을 위한 순교자”라고 했다. 트럼프 대통령의 장남 트럼프 주니어는 사도행전에 나오는 스데반의 순교와 찰리의 죽음을 비교하기도 했다. 그는 “비겁한 암살자가 찰리의 삶을 끝냈을 때, 나는 찰리가 집으로 돌아오는 자신을 맞이하기 위해 서 계신 하나님의 아들을 보았을 것이라고 확신한다”고 했다. 그는 커크가 암살되기 전 자신에게 “나는 용기와 신앙으로 기억되고 싶다”고 말했다며 “우리 모두가 찰리다”라고 외치기도 했다. 기독교인이었던 커크를 기리기 위해 연설 중간중간에는 찬송가가 흘러나왔다. 뉴욕타임스는 이날 추모식에 대해 “보수적 기독교가 트럼프 시대의 공화당 정치와 어떻게 융합되었는지를 보여주는 정점의 사건”이라고 했다. 평소 공개 연설을 거의 하지 않았던 수지 와일스 백악관 비서실장도 연단에 올랐다. 그는 2024년 대선 당시 청년층의 트럼프 지지를 이끈 커크에 대해 “우리 시대 가장 강력한 청년 운동”을 구축했다며 “찰리는 단순히 도움을 준 게 아니라 승리를 결정짓는 차이를 만들었다”고 했다. 와일스 비서실장은 연설 도중 눈시울을 붉히기도 했다. 스티브 밀러 백악관 부비서실장도 연설에 나서 “사악함과 악의 세력에 맞서겠다”고 했다. 이날 추모 행사에는 일론 머스크 테슬라 최고경영자가 트럼프와 나란히 앉아 있기도 했다. 머스크는 지난 5월 정부효율부(DOGE)에서 물러난 뒤 이민정책 등을 들어 트럼프를 맹비난하면서 정치적으로 결별했다. 하지만 이날 머스크가 트럼프 옆자리에 앉아 귓속말을 나누고 악수를 하기도 했다. CNN은 “커크는 머스크와 트럼프가 공개적으로 불화를 겪은 뒤 양측 사이의 중재자 역할을 했다”며 “커크는 머스크와 계속 연락하며 자주 문자를 보냈는데, 특히 정책에 대한 머스크의 부정적 발언이 트럼프의 전반적인 의제에 해를 끼칠 것이라고 말하기도 했다”고 전했다. 스티브 배넌, 로라 루머 등 마가 운동의 핵심 인사들도 추모식에 참석한 가운데 이날 스테이트팜 스타디움 안팎의 추모 인파는 20만명에 달했다고 뉴욕포스트가 전했다.",임성수 기자,2025.09.22. 오전 7:43
MBN,"트럼프 ""불법으로미국오면 감옥행""…북핵 등 한반도 정세 언급 없어",https://n.news.naver.com/mnews/article/057/0001910057?sid=104,"【 앵커멘트 】 도널드 트럼프 미국 대통령도 6년 만에 유엔총회 기조연설을 했습니다. 트럼프 대통령은 불법적으로 미국에 들어온 사람들은 감옥에 갈 것이라며 강력한 이민 정책의 성과를 강조했는데요. 또 본인이 전 세계에서 7개의 전쟁을 종식시켰다면서 유엔을 강하게 비판했지만, 북한에 대해선 언급하지 않았습니다. 이어서 김세희 기자가 보도합니다. 【 기자 】 도널드 트럼프 미국 대통령은 기조연설에서 유엔을 강력하게 비판했습니다. 트럼프 대통령은 자신이 7개의 전쟁을 종식시켰지만 국가 지도자들과 협상하려는 과정에서 유엔의 전화를 받지 못했다고 설명했습니다. ▶ 인터뷰 : 도널드 트럼프 / 미국 대통령 - ""유엔은 엄청난 잠재력이 있습니다. 적어도 현재는 그 잠재력을 제대로 실현하지 못하고 있습니다."" 트럼프 대통령은 ""유엔이 하는 일이 강경한 어조의 서한을 보내는 것뿐""이라며 ""공허한 말은 전쟁을 해결할 수 없다""고 꼬집었습니다. 트럼프 대통령은 미국의 이민 정책 성과를 강조하기도 했습니다. ▶ 인터뷰 : 도널드 트럼프 / 미국 대통령 - ""우리의 메시지는 매우 간단합니다. 미국에 불법으로 들어오면 감옥에 가거나 출신지로 돌아갈 수도 있고, 그보다 더 멀리 갈 수도 있습니다."" 트럼프 대통령은 다른 국가들에 미국과 같은 이민 정책 원칙을 마련하라고 권고하기도 했습니다. 하지만 트럼프 대통령을 언급했던 김정은 북한 국무위원장이나 한반도 정세에 대한 이야기는 없었습니다. 트럼프 대통령은 유엔이 주도하는 기후 변화에 대한 대응과 탄소 저감 정책에 대해서도 ""전 세계에 저질러진 최대 사기극""이라고 독설을 했습니다. MBN뉴스 김세희입니다. 영상편집: 김상진 그 래 픽: 주재천·박영재",김세희 기자,2025.09.24. 오전 7:26
프레시안,"미국의 한국인 구금, 동맹국 무시하는 처사 용납 어려워[원광대 '한중관...",https://n.news.naver.com/mnews/article/002/0002407956?sid=104,"[원광대 '한중관계 브리핑'] 중국과 미국 사이에서 어느쪽에도 휘둘리지 않기 위한 한국의 전략은 최근 우리 국민이 미국에서 구류된 사건은, 국외적으로는 주요 외신의 관심을 끌었고, 국내에서는 현 정부의 외교적 대응력에 대한 비판 여론과 함께, 한미동맹의 본질과 실효성에 대한 재검토 요구까지 제기되는 등 파장이 컸다. 자유와 인권을 최우선 가치로 삼으며 세계 질서의 중심을 자임해 온 미국이, 오랜 동맹국인 한국의 국민에게 이처럼 과도하고 예외적인 방식으로 법을 집행한 것은 쉽게 납득하기 어려운 일이었다. 물론, 엄밀한 법적 기준에서 보면 노동 비자가 아닌 다른 비자로 입국한 후 근로 행위를 한 점은 미국 이민법에 저촉될 수 있다. 그러나 이러한 유형의 사례는 과거에도 있었고, 보통은 추방이나 행정 처분 정도로 정리되는 관행이 일반적이었다. 그런데 이번에는 이러한 선례를 넘어선 비상식적이고 감정적인 대응이 나타났다. 특히, 최근 한국 정부가 한미 정상회담을 통해 약 700조 원에 이르는 대규모 투자 계획을 미국에 전달한 직후에 벌어진 일이라는 점에서, 국민들은 이러한 외교적 '성의'가 순식간에 무시당했다는 자괴감과 분노를 느낄 수밖에 없었다. 더 충격적인 장면은, 구금된 한국 국민이 양손이 뒤로 결박되고, 발목에 쇠사슬까지 채워진 채 마치 중범죄자처럼 끌려가는 모습이 전 세계 언론에 보도되었다는 사실이다. 필자는 이 장면을 보며, 코로나19 당시 중국 당국이 방역이라는 명분으로 감염자 또는 접촉자들을 강제로 격리하고 통제했던 장면이 떠올랐다. 물론 중국의 조치 또한 인권 논란이 있었지만, 쇠사슬을 사용하거나 전시하듯 공개적으로 수치심을 유발하는 방식은 아니었다는 점에서, 이번 미국의 대응은 훨씬 더 충격적이고 모욕적인 것이었다. 이 사건은 단순히 한 사람의 구금으로 끝나는 문제가 아니다. 한미동맹이라는 틀 안에서 미국이 한국 국민을 어떻게 대하고 있는지, 더 나아가 미국이 동맹국 전체를 어떻게 인식하고 있는지를 보여주는 상징적인 사건이다. 이런 사태는 미국의 대외 이미지, 특히 '자유·인권·법치'라는 가치를 공유한다고 믿었던 동맹국 국민들 사이에서 미국에 대한 신뢰를 무너뜨리는 계기가 될 수 있다. 더 이상 미국이 인권을 수호하는 국가로서, 도덕적 우위를 가진 세계 질서의 주도국이라는 인식은 유지되기 어려워 보인다. 국제정세는 지금 빠르게 요동치고 있다. 특히 중미 간의 전략적 경쟁은 날로 심화되고 있으며, 트럼프 전 대통령은 과거 봉건 황제처럼 무역 상대국에 일방적인 관세를 부과하고, 국제 규범보다 국익을 앞세우는 정책을 펼쳤다. 과거 중국의 제왕적 외교와 비슷해 보이지만, 중국은 '인의(仁義)'나 '예의(禮)'라는 전통적 가치를 외교의 명분으로 내세우는 데 비해, 트럼프는 단순히 사업가적 사고와 즉흥적 전략으로 세계 질서를 재편하려는 모습을 보이고 있다. 이에 대해 심지어 미국의 전통 우방국들조차 혼란과 불만을 표출하고 있다. 반면, 시진핑 중국 국가주석은 얼마 전 북중러 3국이 함께한 '반파시스트 열병식'을 성대하게 개최하면서, 미국을 견제하는 반미 연대를 과시하고 있다. 이러한 흐름 속에서 국제사회에서는 '신냉전'이 본격화되고 있다는 분석도 힘을 얻고 있다. 미국의 이번 조치에는, 단순히 미국 보수 진영의 이민 통제 정책만이 아니라, 중국의 정보공작에 대한 과민반응도 배경으로 작용했을 가능성이 있다. 중국은 민주주의 국가의 개방성을 악용해, 상대국 내부에서 체계적인 정보 수집 활동을 전개하고 있으며, 만약 이들이 적발될 경우, 중국 정부는 오히려 상대국의 민주주의 수준을 문제 삼아 압박하는 이중적 태도를 보이고 있다. 이러한 중국의 공세적 외교 방식은, 결국 미국이 전방위적인 불신과 경계의 눈초리로 모든 국가를 대응하게 만든 배경이 되었을 것이다. 그러나 미국이 그러한 위협에 대응하는 방식이, 정당한 절차와 동맹국에 대한 예우를 무시한 채 이루어진다면, 이는 자국 안보를 위한 조치를 넘어, 국제적 신뢰와 리더십의 기반마저 훼손하는 자충수가 될 수 있다. 결국, 이번 사건은 한미관계에 국한된 사안이 아니라, 미국과 세계 각국 사이의 신뢰, 특히 민주주의 가치의 공유라는 보편적 원칙에 대한 근본적인 질문을 던지는 사건이 되었다. 한국은 이제 단지 외교의 수동적 수혜자가 아닌, 국제질서의 재편 국면에서 능동적 판단과 주체적인 외교 전략을 세워야 할 시점에 와 있다. 중미 경쟁의 틈바구니 속에서 우리가 어느 쪽에도 휘둘리지 않고, 자국민의 권익과 국가의 주권을 지켜내기 위한 현명하고 단호한 입장 정립이 절실하다. ▲ 4일(현지시간) 미국 법무부 산하의 주류·담배·화기·폭발물 단속국(ATF) 애틀랜타 사무소가 사회관계망서비스(SNS)인 'X' 계정에 게재한 단속 모습. ⓒATF 애틀랜타 사무소 X 갈무리.",,2025.09.26. 오후 12:38
이데일리,"트럼프 “이민큰 문제” vs 이재명 “동등한 존중”…외신, 정반대 발...",https://n.news.naver.com/mnews/article/018/0006123620?sid=104,"로이터 “북한, 단계적 해법 제시…불필요한 긴장 악순환 끊겠다는 의미” 블룸버그 “남북 신뢰 회복 약속, 평화 공존 의지 천명” 트럼프는 이민 비판…블룸버그 “두 정상 발언 선명히 대비” [뉴욕=이데일리 김상윤 특파원] 이재명 대통령이 23일(현지시간) 뉴욕에서 열린 제80차 유엔 총회에서 남북 간 긴장 완화와 평화 공존을 강조한 첫 연설을 내놓자, 주요 외신들은 이를 집중 보도했다. 특히 외신들은 그의 메시지가 같은 자리에서 이민 문제를 비판한 트럼프 대통령의 발언과 뚜렷한 대조를 이뤘다고 전했다. 23일(현지시간) 뉴욕 유엔 총회에서 이재명 대통령이 기조연설을 하고 있다. (사진=AFP) “불필요한 군사적 긴장의 악순환을 끊겠다” 외신들은 공통적으로 이 대통령의 연설이 한반도에서 불필요한 긴장의 악순환을 끝내겠다는 강한 메시지를 담았다고 평가했다. 로이터 통신은 이 대통령이 북한 핵 문제에 대해 단기간 해결은 어렵다는 현실을 인정하면서 ‘단계적 해법’(phased solution)을 제시했다고 전했다. 이 대통령은 대북 전단과 확성기 방송을 중단한 사례를 언급하며, “지속적으로 군사적 긴장을 완화하고 남북 간 신뢰를 회복하는 길을 찾겠다”고 밝혔다. 로이터통신은 이러한 메시지가 북한과의 불필요한 군사적 긴장의 악순환을 끝내고, 평화적 공존과 공동 성장을 달성하겠다고 다짐한 것이라고 평가했다. 블룸버그통신 역시 이 대통령의 연설을 비중 있게 다루며, “이 대통령이 깨진 남북 신뢰를 회복하고 상호 신뢰의 입장으로 전환하겠다고 약속했다”고 전했다. 블룸버그통신은 “이 대통령이 깨진 남북 간 신뢰를 회복하고 상호 신뢰의 입장으로 전환하겠다고 다짐하며, 한반도의 불필요한 군사적 긴장과 적대 행위를 악순환에서 벗어나도록 하겠다”고 역설했다고 전했다. 도널드 트럼프 미국 대통령이 23일(현지시간) 뉴욕 유엔 본부에서 열린 제80차 유엔 총회에서 연설을 하고 있다. (사진=AFP) 이민 문제 비판한 트럼프...이재명 “동등한 구성원 존중” 블룸버그통신은 특히 이 대통령의 발언이 트럼프 대통령 연설과 대비된 점을 짚었다. 트럼프 대통령이 국제사회의 통제되지 않은 이민을 “우리 시대의 가장 큰 문제”라고 비난한 반면, 이 대통령은 “대한민국에 거주하는 내외국인 모두가 사회의 동등한 구성원으로서 삶의 모든 현장에서 존중받을 수 있도록 제도와 문화를 더욱 발전시켜 나가고자 한다”고 강조했다는 것이다. 트럼프 대통령은 연설에서 자신의 이민정책에 대해 “우리의 메시지는 매우 단순하다”며 “만약 당신이 불법적으로 미국에 들어온다면 감옥에 가거나, 당신이 왔던 곳으로 돌아가거나, 어쩌면 더 먼 곳으로 가게 될 것”이라고 재차 강조했다. 또 블룸버그는 최근 미국 조지아주 현대차-LG에너지솔루션 배터리 공장에서 한국인 노동자들이 대거 구금된 사건을 언급하며, 이로 인해 양국 관계에 긴장이 불거졌다고 보도했다. 아울러 이 사건이 7월 말 통상·투자 협정 체결 당시 약속된 수십억 달러 규모의 한국 투자를 위태롭게 할 수 있다는 우려도 제기됐다고 전했다.",김상윤 기자,2025.09.24. 오전 5:27
뉴스1,1억4000만원 '비자 폭탄' 맞은 기업들…미국인 뽑나 해외공장 짓나 '고심...,https://n.news.naver.com/mnews/article/421/0008500920?sid=104,"전문가들 ""10만달러 감당 못해 프로그램 마비될 것"" ""美기업 글로벌 인재 시장서 경쟁력 약화로 경제 타격"" 도널드 트럼프 미국 대통령이 19일(현지시간) 미국 워싱턴DC 백악관 집무실에서 열린 골드카드 비자 행정명령 및 전문직 고용 비자(H-1B) 비용 부과 포고문 서명 행사에서 문서를 들어보이고 있다. 2025.09.19. ⓒ 로이터=뉴스1 ⓒ News1 류정민 특파원 (서울=뉴스1) 권영미 기자 = 미국 기업들이 해외 숙련 노동자를 유치하는 데 쓰는 H-1B 비자의 수수료를 트럼프 행정부가 100배 인상하기로 하면서, 미국 산업계 전반에 충격파가 가해지고 있다. 21일(현지시간) 블룸버그통신과 포브스 등에 따르면 기술, 금융, 의료 등 핵심 분야에서 이민자 인력이 중추적 역할을 해온 만큼, 이번 조치는 예비 이민자뿐 아니라 미국 경제 자체에도 심각한 타격을 줄 수 있다는 우려가 커지고 있다. 도널드 트럼프 대통령은 지난 19일 현재 H-1B 비자 추첨 등록비 215달러와 고용주 청원서(I-129) 제출비 780달러로 합쳐 1000달러 정도에 불과한 H-1B 비자 수수료를 10만달러(약 1억4000만달러)로 높였다. 미 행정부는 '트럼프 골드카드 비자' 프로그램(개인이 100만달러를 기부하면 미국 영주권을 부여하는 제도)과 함께 이 조치가 정부에 100억달러(약 14조원) 이상의 돈을 가져다줄 것으로 기대했지만 이 조치가 도리어 부는 커녕 미국 경제를 어렵게 할 수 있다는 분석도 나온다. 클리블랜드에 거주하는 변호사 데이비드 레오폴드는 10만 달러의 수수료를 포함한 트럼프 대통령의 H-1B 비자 변경 사항이 ""프로그램을 사실상 마비시킬 것""이라고 경고했다. 그는 ""누가 청원서에 10만 달러를 내겠는가? 이 프로그램을 초부자만을 위한 프로그램으로 만들려는 게 아니라면 말이다""고 말했다. 이 비자는 매년 추첨을 통해 8만5000건이 발급되는데 2025 회계연도 추첨에는 47만 명 이상이 신청했다. 트럼프의 수수료 인상을 따르게 되면 떨어질 가능성도 있는 추첨을 위해 기술자 한 명의 한해 연봉에 해당하는 돈을 수수료로 내게 되는 것이다. 인재 채용 기업인 아처 서치 파트너스의 설립자 알렉시스 듀프레인은 ""이는 무의미하고 끔찍한 정책으로, 미국 기업들의 글로벌 인재 시장에서 경쟁력을 약화한다""고 지적했다. 그는 일부 대형 펀드들은 최고 인재 영입에 10만달러 수수료를 부과하는 데 굴하지 않겠지만, ""중견 기업, 소규모 기업, 그리고 유망한 젊은 인재들이 상당한 불이익을 받게 되면서 (기업체의) 마진에 상당한 영향을 미칠 것""이라고 경고했다. 뉴욕에 거주하는 이민 전문 변호사 카린 울먼은 ""이 조치의 의도는 대학이나 대학원을 갓 졸업한 신입 전문직 종사자들이 H-1B 비자를 받을 수 없게 하고, 여유 자금이 많은 대기업 소속의 고위 전문직 종사자들만 H-1B 비자를 받을 수 있도록 제한하는 것""이라고 말했다. ""스타트업, 소규모 기업, 비영리 단체, 대학, 병원 등 다른 누구도 H-1B 비자를 받을 여유가 없을 것이다. 의료 서비스만 해도 엄청난 타격을 입을 것""이라고 내다봤다. 하지만 트럼프 행정부가 이런 현상을 의도한 것일 수 있다는 게 전문가들의 분석이기도 하다. 백악관은 미국 근로자들이 저임금 외국인 노동자로 대체되고 있으며, 이를 국가 안보 위협이라고 규정했다. 그래서 H-1B 비자 수수료를 급격히 높임으로써 저임금 기술 인력은 국내에서 조달하게 하고 꼭 필요한 고급 인력만 이 비자를 통해 해외에서 조달하도록 하는 게 의도라는 것이다. 트럼프 행정부는 불가피하게 새로운 인력이 필요하면 국가 이익에 부합하는 경우에 한해 사례별 면제를 허용하는 방안을 내놓을 것으로 보인다. 하지만 그렇다 하더라도 전문가들은 이 조치가 전반적인 미국 산업의 퇴조를 가져올 수 있다고 본다. H-1B 비자는 고숙련 외국인이 미국에서 장기적으로 일할 수 있는 유일한 현실적인 방법이다. 이런 상황에선 울며 겨자먹기로 높은 수수료를 내거나, 높은 수수료로 인해 미국으로 들어오지 못한 해외 고숙련 기술자를 대체할 인력을 단기간에 미국 내에서 찾거나 양성해야 한다. 하지만 어떤 경우도 기업에게는 쉽지 않은 선택이다. 이런 이유로 전문가들은 미국 기업이 아예 공장을 해외로 옮길 수도 있다고 본다. 미국내 고용을 촉진하려는 정책이 도리어 기업의 미국 탈출을 가져오는 것이다. 이를 방증하듯 포브스에 따르면 행정부의 이민 정책에 미치는 영향을 조사하고 검토한 결과, 많은 고용주들이 고액의 수수료를 내서 고급 인력을 데려오느니 기업의 해외 이전을 확대하고 미국 외 지역에서 더 많은 인력을 채용하는 방식으로 대응할 것으로 예상되고 있다. 새로운 수수료에 대한 법적 다툼도 일어날 가능성이 높다. 버몬트주 스토우의 이민 전문 변호사 베키 푸 폰 트랩은 H-1B 비자 신청 수수료 10만 달러가 ""과도하다""는 이유로 소송이 벌어진다면 질 수 있다고 말했다. 연방법은 관련 기관들이 합리적인 비용을 회수할 수 있을 만큼의 수수료를 부과하도록 허용하고 있어, 대부분의 취업 비자 신청 수수료는 현재 약 5000달러다. 특정 투자 비자처럼 가장 복잡한 비자 신청조차도 보통 1만 달러 미만이다. 포브스에 따르면 레드 이글 로펌의 이민 전문 변호사 커티스 모리슨은 수수료 인상이 대통령의 권한을 벗어난다며 H-1B 규정에 대한 소송을 제기할 계획이라고 밝혔다. 그는 ""법은 대통령에게 외국인의 미국 입국 및 출국에 대한 합리적인 규칙을 정할 권한만 부여하지 비자 발급 권한은 부여하지 않는다. 그런데 포고령은 청원 승인 및 비자 발급 방식에 대한 규칙을 만들고 있다""고 지적했다.",권영미 기자,2025.09.22. 오후 1:53
